,,Hourly SiteSage  Data, 2018-02-02 16:37:00,Customer: ,Historic Green Village,Location: Bakery (F1)

Column name is Energy Monitor Channel Number-Circuit Name
Channel Columns contain energy usage(production) in watt hours for hour
Voltage is average voltage for hour

 Date/Time,"CH1-Bldg F1","CH3-PV Array F1","CH4-Plug: Front FridgeT","CH5-A/C: WSHP1","CH6-Range","CH8-Plug: Microwave","CH9-Wired: Dishwasher","CH10-Plug: Mixer","CH11-Plug: Fridge in Back","CH12-Plug: Front Display Case","CH13-Plug: Back Middle Freezer","CH14-Plug: Back Freezer near Wall","CH15-Lights: Indoor 1","CH16-DHW Gas Instant","CH17-Plug: Gas Oven","CH18-Plugs: Outlet 1","CH19-Plugs: Outlet 2","CH20-Plugs: Outlet 3","CH21-Plug: Front Small Fridge","CH22-Lights: Bath/Mechanical Room","CH23-Plug: Outdoor Receptacle","CH24-Lights: Outdoor 4",4065/Voltage,Outdoor Temp
2017-01-01 00:00:00,4956,0,0,950,0,0,0,48,454,941,847,530,34,1,0,0,0,50,0,1302,0,0,120.7,63
2017-01-01 01:00:00,4685,0,0,789,0,0,0,116,418,943,856,518,33,0,0,0,0,49,0,1159,0,0,120.8,63
2017-01-01 02:00:00,4881,0,0,721,0,0,0,52,558,948,890,544,33,0,0,0,0,50,0,1291,0,0,121.1,62
2017-01-01 03:00:00,4956,0,0,820,0,0,0,54,484,948,884,576,33,0,0,0,0,51,0,1319,0,0,121.2,62
2017-01-01 04:00:00,5092,0,0,848,0,0,0,53,386,944,886,756,33,0,0,0,0,51,0,1315,0,0,121.0,62
2017-01-01 05:00:00,4728,0,0,694,0,0,0,52,478,935,850,521,34,0,0,0,0,51,0,1299,0,0,120.5,62
2017-01-01 06:00:00,4754,0,0,771,0,0,0,52,534,926,834,540,33,0,0,0,0,51,0,1201,0,0,119.9,63
2017-01-01 07:00:00,4587,-66,0,755,0,0,0,54,354,913,822,531,33,1,0,0,0,50,0,1269,0,0,118.9,64
2017-01-01 08:00:00,4433,-236,0,804,0,0,0,31,444,880,804,531,32,1,0,0,0,49,0,1183,0,0,116.2,65
2017-01-01 09:00:00,4229,-1051,0,1127,0,0,0,24,471,876,816,517,32,0,0,0,0,49,0,1319,0,0,115.9,67
2017-01-01 10:00:00,3269,-1947,0,921,1,0,0,56,341,877,769,497,31,1,0,0,0,49,0,1219,0,0,115.8,70
2017-01-01 11:00:00,3180,-2431,0,1128,2,0,0,54,403,882,737,478,32,1,0,0,0,49,0,1137,0,0,116.2,72
2017-01-01 12:00:00,3448,-2517,0,1335,3,0,0,54,464,887,785,518,32,1,0,0,0,49,0,1146,0,0,116.4,75
2017-01-01 13:00:00,3706,-2267,0,1475,2,0,0,46,373,884,768,535,32,2,0,0,0,50,0,1220,0,0,116.3,76
2017-01-01 14:00:00,4070,-1727,0,1785,2,0,0,35,354,882,761,503,32,1,0,0,0,49,0,1127,0,0,115.9,74
2017-01-01 15:00:00,5020,-1094,0,1916,2,0,0,32,471,877,748,469,31,2,0,0,0,51,0,1247,0,0,115.5,73
2017-01-01 16:00:00,4984,-303,0,1382,0,0,0,57,305,874,755,554,31,2,0,0,0,51,0,1189,0,0,115.4,74
2017-01-01 17:00:00,4718,-90,0,902,0,0,0,56,312,883,782,705,32,2,0,0,0,51,0,1143,0,0,116.2,73
2017-01-01 18:00:00,5171,14,0,1292,0,0,0,55,534,891,746,524,33,1,0,0,0,52,0,1230,0,0,116.8,71
2017-01-01 19:00:00,4806,0,0,953,0,0,0,53,438,902,778,501,33,1,0,0,0,51,0,1165,0,0,117.6,72
2017-01-01 20:00:00,4846,0,0,938,0,0,0,29,398,913,887,505,33,1,0,0,0,52,0,1199,0,0,118.6,72
2017-01-01 21:00:00,5214,0,0,1177,0,0,0,31,502,924,823,513,33,1,0,0,0,51,0,1384,0,0,119.4,73
2017-01-01 22:00:00,4833,0,0,807,0,0,0,44,507,935,826,529,33,0,0,0,0,51,0,1304,0,0,120.2,71
2017-01-01 23:00:00,5118,0,0,1278,0,0,0,52,385,938,857,553,34,1,0,0,0,50,0,1212,0,0,120.4,70
2017-01-02 00:00:00,4755,0,0,800,0,0,0,52,401,945,859,565,34,0,0,0,0,51,0,1219,0,0,121.0,70
2017-01-02 01:00:00,5185,0,0,1041,0,0,0,51,561,944,861,555,34,0,0,0,0,50,0,1313,0,0,120.8,70
2017-01-02 02:00:00,4800,0,0,942,0,0,0,54,516,938,853,522,33,0,0,0,0,49,0,1129,0,0,120.6,69
2017-01-02 03:00:00,4869,0,0,903,0,0,0,68,352,937,827,520,33,1,0,0,0,48,0,1404,0,0,120.4,69
2017-01-02 04:00:00,5011,0,0,1085,0,0,0,99,387,937,853,511,33,0,0,0,0,49,0,1288,0,0,120.5,69
2017-01-02 05:00:00,4814,0,0,743,0,0,0,48,551,931,823,606,33,0,0,0,0,49,0,1209,0,0,120.1,70
2017-01-02 06:00:00,5145,0,0,1101,0,0,0,40,441,913,797,722,33,0,0,0,0,49,0,1267,0,0,118.8,68
2017-01-02 07:00:00,5234,-67,0,1361,0,0,0,37,383,902,815,528,136,2,0,0,0,58,0,1210,0,4,118.0,68
2017-01-02 08:00:00,7610,-233,0,2735,529,0,40,276,498,101,945,501,460,10,390,18,0,94,511,1017,3,36,116.1,70
2017-01-02 09:00:00,8487,-1049,0,3736,157,77,90,122,600,730,1261,522,462,9,345,76,0,93,98,1326,5,34,115.5,71
2017-01-02 10:00:00,7641,-1741,0,4185,4,0,78,120,477,999,913,581,465,4,346,93,0,108,99,1159,4,104,115.9,74
2017-01-02 11:00:00,6949,-2439,0,4033,7,0,0,276,467,994,822,504,465,4,355,88,0,104,100,1157,4,112,116.5,75
2017-01-02 12:00:00,7557,-2525,0,4711,9,15,73,241,504,981,865,480,465,7,340,87,0,99,100,1067,4,101,116.6,77
2017-01-02 13:00:00,8122,-2300,0,5184,9,0,73,131,436,980,826,533,465,6,337,86,0,105,99,1145,4,98,116.1,77
2017-01-02 14:00:00,9921,-1733,0,5193,1122,0,79,231,598,993,828,509,466,8,329,82,0,98,99,1061,4,97,116.1,76
2017-01-02 15:00:00,10773,-1087,0,5208,1103,0,32,183,429,997,997,507,465,3,341,44,1,113,99,1357,6,97,115.9,76
2017-01-02 16:00:00,10862,-302,0,5187,1028,0,38,179,414,1006,713,517,466,4,362,43,1,106,100,1220,5,98,116.3,75
2017-01-02 17:00:00,8581,-97,0,3538,305,0,37,93,352,944,1004,481,464,4,363,43,0,117,37,1126,3,36,116.7,74
2017-01-02 18:00:00,8163,11,0,3123,266,0,0,94,425,905,949,588,464,3,356,44,0,173,0,1051,2,36,117.1,73
2017-01-02 19:00:00,5019,0,0,116,0,0,0,94,702,914,981,750,302,3,0,1,0,124,0,1173,0,19,118.0,73
2017-01-02 20:00:00,5562,0,0,1275,0,0,0,144,576,915,939,639,32,0,0,0,0,62,0,1192,0,0,118.0,72
2017-01-02 21:00:00,5725,0,0,1329,0,0,0,56,544,930,883,558,33,0,0,0,0,62,0,1383,0,0,119.2,73
2017-01-02 22:00:00,5385,0,0,1260,0,0,0,51,419,934,911,563,33,0,0,0,0,62,0,1390,0,0,119.7,71
2017-01-02 23:00:00,5036,0,0,968,0,0,0,57,416,941,917,563,33,0,0,0,0,61,0,1300,0,0,120.3,71
2017-01-03 00:00:00,5194,0,0,1077,0,0,0,57,565,940,932,540,33,0,0,0,0,62,0,1206,0,0,120.4,71
2017-01-03 01:00:00,5551,0,0,1274,0,0,0,56,525,944,905,545,33,0,0,0,0,62,0,1289,0,0,120.6,72
2017-01-03 02:00:00,4770,0,0,772,0,0,0,55,498,946,890,574,33,0,0,0,0,61,0,1148,0,0,120.9,72
2017-01-03 03:00:00,5408,0,0,1230,0,0,0,54,442,946,900,562,33,0,0,0,0,62,0,1405,0,0,120.8,72
2017-01-03 04:00:00,5304,0,0,1018,0,0,0,46,457,948,1035,527,33,0,0,0,0,61,0,1413,0,0,121.0,72
2017-01-03 05:00:00,5250,0,0,973,0,0,0,36,524,940,901,531,33,0,0,0,0,61,0,1301,0,0,120.5,72
2017-01-03 06:00:00,5323,0,0,1247,0,0,0,35,524,918,867,677,33,0,0,0,0,61,0,1179,0,0,119.0,72
2017-01-03 07:00:00,5529,-61,0,758,0,0,0,218,566,907,843,659,280,6,0,0,0,93,0,1366,0,3,117.9,71
2017-01-03 08:00:00,9070,-310,0,3961,0,0,0,324,547,895,868,518,458,5,372,51,0,92,580,1198,5,36,116.1,71
2017-01-03 09:00:00,8642,-638,0,4146,1,0,77,174,503,880,799,866,462,5,334,86,0,94,99,1221,4,35,115.8,72
2017-01-03 10:00:00,7514,-1218,0,3462,3,6,0,124,445,953,773,800,463,2,361,85,0,102,99,1067,4,104,115.8,72
2017-01-03 11:00:00,8818,-1654,0,4019,4,27,0,118,410,970,808,975,465,3,367,86,0,104,100,1171,4,109,116.6,71
2017-01-03 12:00:00,9268,-1540,0,4212,4,0,40,125,492,977,871,966,467,5,371,87,0,106,101,1173,5,104,117.3,71
2017-01-03 13:00:00,8963,-1871,0,4215,4,0,0,106,498,992,822,838,467,4,366,87,0,100,102,1140,4,110,117.5,72
2017-01-03 14:00:00,9411,-1351,0,3787,2,55,0,155,454,1016,927,904,466,4,375,88,0,100,103,1223,5,114,117.7,72
2017-01-03 15:00:00,10402,-815,0,4225,1,0,41,122,418,1004,956,987,466,8,370,88,1,104,103,1233,5,113,117.9,72
2017-01-03 16:00:00,9328,-478,0,3787,0,25,41,214,334,1004,903,817,467,6,38,80,0,97,103,1288,4,118,118.3,72
2017-01-03 17:00:00,6003,-154,0,1219,0,0,0,113,477,963,834,711,465,5,0,44,0,153,43,1278,2,57,118.5,71
2017-01-03 18:00:00,7083,14,0,2283,0,85,0,302,550,927,860,617,466,5,0,43,0,156,0,1169,0,0,118.1,71
2017-01-03 19:00:00,7131,0,0,2268,0,5,42,200,599,923,1024,616,465,6,0,44,0,161,0,1181,0,0,119.1,71
2017-01-03 20:00:00,4729,0,0,84,0,0,0,67,738,919,888,704,101,2,0,0,0,70,0,1272,0,0,118.7,71
2017-01-03 21:00:00,5631,0,0,1152,0,0,0,65,661,928,947,804,33,0,0,0,0,49,0,1214,0,0,119.2,71
2017-01-03 22:00:00,5681,0,0,1255,0,0,0,45,661,937,905,606,33,0,0,0,0,49,0,1399,0,0,120.0,72
2017-01-03 23:00:00,5711,0,0,1307,0,0,0,41,581,944,955,624,34,0,0,0,0,49,0,1404,0,0,120.4,72
2017-01-04 00:00:00,5218,0,0,882,0,0,0,40,572,948,944,635,33,0,0,0,0,49,0,1318,0,0,120.8,72
2017-01-04 01:00:00,5366,0,0,1197,0,0,0,53,505,942,954,567,33,0,0,0,0,49,0,1303,0,0,120.4,72
2017-01-04 02:00:00,5559,0,0,1284,0,0,0,58,515,942,959,631,33,1,0,0,0,50,0,1308,0,0,120.4,72
2017-01-04 03:00:00,4966,0,0,783,0,0,0,58,519,947,913,531,33,0,0,0,0,50,0,1254,0,0,120.9,72
2017-01-04 04:00:00,5732,0,0,1229,0,0,0,60,570,946,943,623,33,0,0,0,0,50,0,1417,0,0,120.7,72
2017-01-04 05:00:00,5347,0,0,1198,0,0,0,51,519,938,849,553,33,1,0,0,0,49,0,1401,0,0,120.3,73
2017-01-04 06:00:00,5255,0,0,1231,0,0,0,34,514,925,814,567,33,1,0,0,0,49,0,1291,0,0,119.3,72
2017-01-04 07:00:00,6654,-82,0,2349,0,0,0,80,392,898,844,541,402,2,205,2,0,70,0,1151,0,0,117.7,72
2017-01-04 08:00:00,8895,-373,0,3324,515,0,38,318,431,875,861,694,461,6,348,74,1,93,522,1140,4,30,116.1,72
2017-01-04 09:00:00,8660,-639,0,3499,709,43,38,308,493,906,967,646,462,6,322,86,0,102,99,1079,3,38,115.8,72
2017-01-04 10:00:00,8620,-1417,0,4246,443,5,38,89,495,1014,1062,592,462,3,329,85,0,112,98,1260,5,104,115.5,70
2017-01-04 11:00:00,7664,-2033,0,3548,4,0,76,92,480,1023,1035,540,464,5,347,86,0,110,99,1161,4,112,116.1,71
2017-01-04 12:00:00,7970,-2546,0,4004,6,32,34,168,514,1023,921,840,465,9,354,86,0,98,100,1099,4,111,116.5,70
2017-01-04 13:00:00,7620,-2213,0,3790,5,34,2,203,486,1023,873,738,465,6,353,87,0,97,100,1134,4,111,116.8,70
2017-01-04 14:00:00,8642,-1573,0,4259,4,27,113,117,409,1007,866,693,464,5,350,66,0,100,101,1093,4,103,117.0,70
2017-01-04 15:00:00,8674,-827,0,3749,1,0,0,200,315,1025,792,841,467,2,65,32,0,99,102,1123,4,106,117.5,70
2017-01-04 16:00:00,7601,-371,0,2913,0,22,80,134,293,1009,783,650,466,6,0,0,0,100,101,1279,4,119,117.4,70
2017-01-04 17:00:00,5481,-110,0,788,0,25,0,116,378,953,862,691,455,3,0,0,0,157,50,1197,1,28,118.0,69
2017-01-04 18:00:00,5946,23,0,1120,0,0,0,88,454,930,898,831,429,3,0,0,0,129,0,1265,0,0,118.4,68
2017-01-04 19:00:00,5073,0,0,743,0,0,0,53,517,940,917,605,33,1,0,0,0,52,0,1382,0,0,119.3,68
2017-01-04 20:00:00,5219,0,0,1125,0,0,0,52,532,940,886,593,33,0,0,0,0,50,0,1202,0,0,119.7,66
2017-01-04 21:00:00,4930,0,0,874,0,0,0,47,462,946,913,568,33,0,0,0,0,49,0,1210,0,0,120.2,65
2017-01-04 22:00:00,5291,0,0,1055,0,0,0,52,448,947,939,571,33,0,0,0,0,50,0,1408,0,0,120.5,64
2017-01-04 23:00:00,5171,0,0,1033,0,0,0,49,341,952,1017,571,33,0,0,0,0,50,0,1328,0,0,120.9,63
2017-01-05 00:00:00,4852,0,0,763,0,0,0,52,370,959,906,587,33,0,0,0,0,50,0,1322,0,0,121.4,64
2017-01-05 01:00:00,5129,0,0,976,0,0,0,50,487,953,903,566,34,0,0,0,0,50,0,1319,0,0,121.1,66
2017-01-05 02:00:00,4902,0,0,851,0,0,0,51,467,953,943,559,33,0,0,0,0,50,0,1204,0,0,121.3,66
2017-01-05 03:00:00,4739,0,0,736,0,0,0,50,444,956,940,555,33,0,0,0,0,50,0,1198,0,0,121.4,66
2017-01-05 04:00:00,5156,0,0,1070,0,0,0,49,337,953,893,544,33,0,0,0,0,50,0,1428,0,0,121.3,66
2017-01-05 05:00:00,4903,0,0,685,0,0,0,51,375,944,837,705,33,0,0,0,0,49,0,1413,0,0,120.8,65
2017-01-05 06:00:00,5239,0,0,1132,0,0,0,51,463,924,846,689,33,0,0,0,0,50,0,1257,0,0,119.4,65
2017-01-05 07:00:00,4788,-51,0,846,0,0,0,50,471,907,853,537,32,0,0,0,0,50,0,1205,0,0,118.2,66
2017-01-05 08:00:00,6419,-300,0,1845,0,27,0,111,438,888,839,594,404,5,0,0,0,79,543,1164,3,32,116.6,66
2017-01-05 09:00:00,7179,-1063,0,2609,365,29,0,315,402,940,957,773,462,4,283,0,0,100,99,1113,3,97,116.3,67
2017-01-05 10:00:00,7743,-1826,0,3715,379,0,39,226,326,947,853,964,465,9,339,0,0,106,99,1344,5,107,115.8,68
2017-01-05 11:00:00,7946,-2227,0,3315,755,0,77,465,470,995,823,957,464,6,334,0,0,103,99,1072,4,109,116.0,70
2017-01-05 12:00:00,7899,-2633,0,4286,8,0,92,350,480,979,845,917,464,5,335,0,0,114,99,1167,4,107,116.0,70
2017-01-05 13:00:00,7408,-2386,0,3755,6,0,59,411,422,994,813,834,465,6,354,0,0,108,99,1058,3,111,116.3,69
2017-01-05 14:00:00,8973,-1827,0,4282,834,0,0,250,305,977,752,956,466,5,357,0,0,102,99,1052,3,108,116.0,69
2017-01-05 15:00:00,9377,-1182,0,4211,527,0,39,247,353,976,761,878,465,5,341,0,0,98,99,1088,4,109,116.0,70
2017-01-05 16:00:00,9662,-350,0,4276,267,0,0,270,456,996,733,842,465,5,349,0,0,106,100,1180,4,113,116.3,70
2017-01-05 17:00:00,8498,-116,0,3350,87,27,117,141,475,956,846,730,464,7,354,0,0,98,59,1169,3,69,116.8,70
2017-01-05 18:00:00,6167,19,0,1054,0,0,82,134,739,914,885,902,272,4,126,0,0,74,0,1176,0,0,117.8,69
2017-01-05 19:00:00,5511,0,0,841,0,0,0,63,706,923,902,776,33,0,0,0,0,53,0,1366,0,0,118.3,68
2017-01-05 20:00:00,5972,0,0,1312,0,0,0,53,568,930,1014,850,33,0,0,0,0,53,0,1378,0,0,119.1,66
2017-01-05 21:00:00,5565,0,0,1274,0,0,0,53,518,941,910,701,33,1,0,0,0,53,0,1283,0,0,120.0,66
2017-01-05 22:00:00,5293,0,0,1178,0,0,0,52,426,949,923,613,33,0,0,0,0,51,0,1263,0,0,120.8,65
2017-01-05 23:00:00,5313,0,0,905,0,0,0,51,494,952,915,657,33,0,0,0,0,50,0,1420,0,0,121.1,66
2017-01-06 00:00:00,5425,0,0,1160,0,0,0,51,521,954,941,586,34,0,0,0,0,51,0,1323,0,0,121.3,66
2017-01-06 01:00:00,5082,0,0,764,0,0,0,47,518,949,904,644,33,0,0,0,0,50,0,1327,0,0,121.2,66
2017-01-06 02:00:00,5178,0,0,1165,0,0,0,41,415,954,921,539,34,0,0,0,0,50,0,1255,0,0,121.3,65
2017-01-06 03:00:00,4812,0,0,715,0,0,0,40,364,952,921,636,33,0,0,0,0,49,0,1267,0,0,121.3,64
2017-01-06 04:00:00,4853,0,0,774,0,0,0,40,484,951,871,565,33,0,0,0,0,50,0,1245,0,0,121.2,63
2017-01-06 05:00:00,5389,0,0,1128,0,0,0,37,519,939,884,560,33,0,0,0,0,50,0,1405,0,0,120.4,63
2017-01-06 06:00:00,4825,0,0,770,0,0,0,46,430,920,847,599,33,1,0,0,0,51,0,1266,0,0,119.2,63
2017-01-06 07:00:00,4951,-76,0,753,14,0,0,52,363,902,919,686,100,1,0,0,0,52,0,1244,0,0,117.8,62
2017-01-06 08:00:00,7526,-197,0,2338,8,0,0,303,527,893,944,801,463,7,0,0,0,51,536,1077,3,35,117.2,64
2017-01-06 09:00:00,7771,-1068,0,3248,2,0,33,224,603,902,1184,773,463,5,380,38,0,69,99,1076,3,37,116.2,66
2017-01-06 10:00:00,7073,-2077,0,3658,124,0,70,122,307,962,1090,753,466,6,326,43,0,97,100,1184,5,107,116.4,69
2017-01-06 11:00:00,8021,-2606,0,3880,1144,62,0,161,333,960,911,702,465,8,295,42,0,96,99,1170,4,107,116.0,68
2017-01-06 12:00:00,8391,-2651,0,4298,923,20,78,193,419,972,834,722,465,4,352,43,0,111,100,1160,4,108,116.3,69
2017-01-06 13:00:00,9630,-2342,0,5065,856,0,79,329,441,992,893,720,465,3,327,42,0,125,100,1182,5,105,116.5,70
2017-01-06 14:00:00,8581,-1843,0,4273,445,19,40,108,419,985,790,801,467,3,127,42,0,111,100,1080,4,111,116.6,71
2017-01-06 15:00:00,8452,-1059,0,3774,2,71,0,99,306,986,933,747,467,2,0,26,0,99,100,1076,3,111,116.5,72
2017-01-06 16:00:00,8288,-275,0,2640,464,0,40,127,361,986,955,605,468,8,0,0,0,101,101,1113,4,120,117.0,72
2017-01-06 17:00:00,6713,-134,0,1808,0,17,0,93,627,950,978,619,464,3,0,0,0,136,10,1186,0,45,117.5,72
2017-01-06 18:00:00,5881,0,0,1178,0,0,0,50,526,918,956,623,457,3,0,0,0,155,0,1188,0,0,117.9,73
2017-01-06 19:00:00,6339,0,0,1656,0,0,0,74,527,918,939,557,458,1,0,0,0,155,0,1279,0,0,118.2,72
2017-01-06 20:00:00,6368,0,0,1909,0,0,0,77,483,925,885,614,464,0,0,0,0,162,0,1100,0,0,119.3,72
2017-01-06 21:00:00,5933,0,0,1365,0,3,0,46,440,931,901,569,463,0,0,0,0,150,0,1192,0,0,120.0,72
2017-01-06 22:00:00,5345,0,0,932,0,0,0,45,513,938,922,608,287,0,0,0,0,117,0,1160,0,0,120.6,72
2017-01-06 23:00:00,5098,0,0,684,0,0,0,45,556,947,912,611,33,0,0,0,0,49,0,1420,0,0,120.9,73
2017-01-07 00:00:00,5268,0,0,898,0,0,0,49,570,944,930,566,33,0,0,0,0,50,0,1410,0,0,120.7,73
2017-01-07 01:00:00,5601,0,0,1160,0,0,0,47,549,946,1108,623,33,0,0,0,0,50,0,1316,0,0,120.8,72
2017-01-07 02:00:00,5634,0,0,1215,0,0,0,47,509,949,947,809,33,0,0,0,0,50,0,1309,0,0,121.0,72
2017-01-07 03:00:00,4925,0,0,755,0,0,0,49,441,948,951,646,33,1,0,0,0,50,0,1219,0,0,121.1,72
2017-01-07 04:00:00,5290,0,0,1205,0,0,0,48,426,948,942,597,33,0,0,0,0,50,0,1249,0,0,121.0,73
2017-01-07 05:00:00,5378,0,0,809,0,0,0,50,591,945,889,631,33,0,0,0,0,50,0,1415,0,0,120.8,74
2017-01-07 06:00:00,5700,0,0,1200,0,0,0,64,512,931,882,550,251,0,0,0,0,71,0,1393,0,0,119.8,74
2017-01-07 07:00:00,7566,-83,0,2672,0,0,44,58,441,927,811,581,459,3,403,0,0,113,252,1211,3,0,119.5,74
2017-01-07 08:00:00,6529,-151,0,1824,0,10,0,143,406,892,776,516,461,5,18,0,0,154,377,1165,2,1,117.1,71
2017-01-07 09:00:00,7566,-176,0,2035,1018,0,0,168,499,907,776,588,461,5,0,15,0,155,98,1152,2,34,115.7,68
2017-01-07 10:00:00,6162,-241,0,1566,463,0,0,107,381,977,787,511,466,7,0,42,0,101,98,990,3,107,115.7,64
2017-01-07 11:00:00,6549,-320,0,1719,177,0,0,115,278,953,766,473,466,5,0,41,0,97,98,1168,4,108,115.5,62
2017-01-07 12:00:00,5376,-293,0,604,0,0,0,119,419,954,827,485,465,6,0,31,0,94,97,1027,3,109,115.5,60
2017-01-07 13:00:00,5454,-339,0,935,0,0,30,160,410,959,833,501,464,8,0,0,0,91,99,946,3,111,116.0,58
2017-01-07 14:00:00,5415,-286,0,252,0,0,0,106,402,1006,857,766,464,4,0,0,0,89,100,1140,4,119,116.7,58
2017-01-07 15:00:00,5216,-613,0,1012,0,0,0,112,317,989,817,509,464,3,0,0,0,93,100,1024,2,89,116.6,57
2017-01-07 16:00:00,5550,-430,0,1784,0,0,0,46,397,973,730,497,464,0,0,0,0,93,100,960,1,35,117.0,56
2017-01-07 17:00:00,5952,-120,0,1208,0,193,0,51,414,913,726,537,460,2,305,26,0,134,11,1252,2,28,116.6,55
2017-01-07 18:00:00,6276,21,0,1873,0,0,0,42,406,883,768,479,463,1,288,0,0,163,0,1169,1,0,116.4,55
2017-01-07 19:00:00,4230,0,0,0,0,0,0,43,747,895,808,555,51,0,0,0,0,53,0,1166,0,0,117.3,53
2017-01-07 20:00:00,4871,0,0,649,0,0,0,45,675,906,851,572,32,0,0,0,0,50,0,1246,0,0,118.1,52
2017-01-07 21:00:00,4831,0,0,728,0,0,0,50,590,918,885,536,33,0,0,0,0,50,0,1211,0,0,119.2,49
2017-01-07 22:00:00,4397,0,0,370,0,0,0,46,557,932,889,577,33,0,0,0,0,49,0,1110,0,0,120.2,46
2017-01-07 23:00:00,5128,0,0,493,0,0,0,48,476,917,930,527,33,0,0,0,0,50,0,1326,0,0,119.3,45
2017-01-08 00:00:00,4956,0,0,598,0,0,0,47,399,912,876,564,33,1,0,0,0,51,0,1280,0,0,119.0,44
2017-01-08 01:00:00,4747,0,0,296,0,0,0,46,479,915,886,555,33,0,0,0,0,50,0,1279,0,0,119.3,43
2017-01-08 02:00:00,5096,0,0,618,0,0,0,48,562,909,813,666,33,0,0,0,0,51,0,1221,0,0,118.9,42
2017-01-08 03:00:00,4928,0,0,299,0,0,0,47,503,905,897,674,33,0,0,0,0,50,0,1227,0,0,118.6,42
2017-01-08 04:00:00,4449,0,0,301,0,0,0,48,414,903,869,520,32,1,0,0,0,50,0,1142,0,0,118.4,42
2017-01-08 05:00:00,4463,0,0,271,0,0,0,46,395,899,765,529,32,1,0,0,0,51,0,1231,0,0,118.3,41
2017-01-08 06:00:00,4948,0,0,295,0,0,0,36,574,920,926,585,33,0,0,0,0,48,0,1303,0,0,119.8,40
2017-01-08 07:00:00,4783,-73,0,542,0,0,0,35,501,889,774,503,32,0,0,0,0,49,0,1212,0,0,117.5,39
2017-01-08 08:00:00,4827,-328,0,19,0,0,0,178,492,116,1113,546,404,9,29,0,0,84,515,1166,4,34,116.0,40
2017-01-08 09:00:00,6176,-878,0,1332,863,79,0,219,482,360,915,548,454,5,358,0,0,105,96,1022,3,104,114.8,41
2017-01-08 10:00:00,4318,-2211,0,69,167,20,38,325,730,947,1074,616,472,5,342,12,0,146,96,854,3,107,114.5,45
2017-01-08 11:00:00,3573,-2940,0,237,1,149,74,264,606,927,895,546,545,5,332,42,0,148,96,1062,4,108,115.2,46
2017-01-08 12:00:00,3445,-3026,0,701,3,0,45,333,623,198,981,604,546,7,326,42,0,146,97,970,3,111,115.9,48
2017-01-08 13:00:00,,,,,,,,,,,,,,,,,,,,,,,,49
2017-01-08 14:00:00,,,,,,,,,,,,,,,,,,,,,,,,50
2017-01-08 15:00:00,,,,,,,,,,,,,,,,,,,,,,,,52
2017-01-08 16:00:00,,,,,,,,,,,,,,,,,,,,,,,,53
2017-01-08 17:00:00,,,,,,,,,,,,,,,,,,,,,,,,53
2017-01-08 18:00:00,5125,0,0,1095,0,0,0,0,522,880,643,515,32,1,0,0,0,50,0,1319,0,0,116.0,52
2017-01-08 19:00:00,4885,0,0,673,0,0,0,47,482,886,935,530,31,0,0,0,0,50,0,1226,0,0,116.5,52
2017-01-08 20:00:00,4631,0,0,321,0,0,0,45,553,894,869,534,32,0,0,0,0,50,0,1170,0,0,117.3,51
2017-01-08 21:00:00,4820,0,0,611,0,0,0,47,536,909,883,559,33,0,0,0,0,49,0,1181,0,0,118.8,50
2017-01-08 22:00:00,4871,0,0,596,0,0,0,45,465,925,881,552,33,0,0,0,0,49,0,1205,0,0,119.8,49
2017-01-08 23:00:00,4509,0,0,306,0,0,0,46,457,925,868,543,33,0,0,0,0,48,0,1206,0,0,119.8,49
2017-01-09 00:00:00,4698,0,0,335,0,0,0,47,376,916,826,550,33,0,0,0,0,50,0,1380,0,0,119.2,48
2017-01-09 01:00:00,4953,0,0,680,0,0,0,46,498,909,838,552,33,0,0,0,0,51,0,1220,0,0,118.7,48
2017-01-09 02:00:00,4568,0,0,282,0,0,0,47,526,907,804,528,32,0,0,0,0,50,0,1238,0,0,118.6,48
2017-01-09 03:00:00,4748,0,0,326,0,0,0,46,493,902,789,755,32,0,0,0,0,50,0,1178,0,0,118.3,48
2017-01-09 04:00:00,4480,0,0,351,0,0,0,39,385,897,807,556,32,1,0,0,0,51,0,1150,0,0,118.0,49
2017-01-09 05:00:00,4389,0,0,281,0,0,0,38,382,890,826,540,32,0,0,0,0,51,0,1185,0,0,117.3,49
2017-01-09 06:00:00,4723,0,0,582,0,0,0,37,386,891,810,493,32,0,0,0,0,51,0,1346,0,0,117.4,49
2017-01-09 07:00:00,4714,-72,0,317,0,0,0,35,525,890,922,514,32,1,0,0,0,51,0,1248,0,0,117.2,50
2017-01-09 08:00:00,5921,-182,0,903,0,64,0,109,460,871,758,523,388,6,123,9,0,88,480,1155,3,29,115.5,51
2017-01-09 09:00:00,6484,-1209,0,2128,2,0,0,104,603,923,902,665,455,2,355,97,0,109,134,1225,4,34,115.1,52
2017-01-09 10:00:00,5492,-2246,0,1332,521,0,61,161,501,952,1271,616,463,13,338,85,0,102,96,1028,3,107,114.9,53
2017-01-09 11:00:00,6190,-2771,0,2619,194,0,30,369,616,956,1115,823,463,7,330,85,0,94,98,1069,4,114,115.5,56
2017-01-09 12:00:00,6532,-2811,0,3065,7,0,39,448,554,973,984,932,464,6,316,87,0,96,100,1274,5,117,116.7,59
2017-01-09 13:00:00,6791,-2539,0,3076,5,241,116,405,593,992,988,784,464,7,353,88,0,99,101,1107,4,123,117.4,61
2017-01-09 14:00:00,7176,-1997,0,3615,4,0,116,184,487,1017,948,844,465,5,326,97,0,97,102,1108,4,130,118.1,63
2017-01-09 15:00:00,6755,-1298,0,2847,2,0,40,152,393,1032,925,620,465,10,295,89,0,102,103,1166,4,137,118.3,63
2017-01-09 16:00:00,6429,-371,0,1611,0,0,82,256,378,1019,1153,617,459,8,0,89,0,99,102,1063,3,142,118.1,64
2017-01-09 17:00:00,6114,-125,0,1474,0,0,0,61,517,949,1083,648,401,2,0,48,0,101,30,1038,1,34,118.0,64
2017-01-09 18:00:00,4603,28,0,63,0,0,0,38,655,920,948,619,33,0,0,0,0,50,0,1351,0,0,117.7,63
2017-01-09 19:00:00,5411,0,0,1079,0,0,0,51,535,926,950,548,32,0,0,0,0,50,0,1364,0,0,118.4,62
2017-01-09 20:00:00,4940,0,0,713,0,0,0,56,441,931,957,579,33,0,0,0,0,49,0,1277,0,0,119.1,62
2017-01-09 21:00:00,4883,0,0,700,0,0,0,58,452,933,964,578,33,0,0,0,0,49,0,1197,0,0,119.6,60
2017-01-09 22:00:00,4984,0,0,699,0,0,0,56,499,944,1005,572,33,0,0,0,0,48,0,1247,0,0,120.5,58
2017-01-09 23:00:00,4740,0,0,656,0,0,0,41,376,944,1004,583,33,0,0,0,0,48,0,1107,0,0,120.7,56
2017-01-10 00:00:00,5249,0,0,621,0,0,0,31,416,947,1049,787,33,0,0,0,0,49,0,1417,0,0,121.0,55
2017-01-10 01:00:00,5230,0,0,640,0,0,0,37,553,932,983,643,33,0,0,0,0,50,0,1391,0,0,120.0,55
2017-01-10 02:00:00,4664,0,0,676,0,0,0,54,403,928,819,541,33,0,0,0,0,50,0,1190,0,0,119.8,54
2017-01-10 03:00:00,4736,0,0,596,0,0,0,56,391,923,966,543,33,0,0,0,0,49,0,1185,0,0,119.4,54
2017-01-10 04:00:00,4819,0,0,648,0,0,0,54,447,918,815,587,33,0,0,0,0,50,0,1272,0,0,119.1,54
2017-01-10 05:00:00,4336,0,0,324,0,0,0,48,475,912,860,586,33,0,0,0,0,50,0,1024,0,0,118.7,53
2017-01-10 06:00:00,4877,0,0,733,0,0,0,28,362,907,898,523,33,1,0,0,0,51,0,1346,0,0,118.2,53
2017-01-10 07:00:00,4638,-73,0,623,0,0,0,34,400,897,799,521,32,1,0,0,0,50,0,1254,0,0,117.5,53
2017-01-10 08:00:00,6458,-181,0,1089,0,26,0,271,528,891,826,585,450,7,290,40,0,108,445,1156,3,36,116.1,55
2017-01-10 09:00:00,6605,-1193,0,2548,1,0,0,227,480,897,805,670,464,6,356,86,0,96,138,1164,4,37,115.8,57
2017-01-10 10:00:00,5978,-2157,0,2409,3,13,75,214,402,955,976,834,463,5,329,86,0,93,99,1144,4,125,116.0,59
2017-01-10 11:00:00,5735,-2663,0,2425,5,0,39,161,396,962,978,860,466,3,340,86,0,94,100,1005,3,130,116.7,62
2017-01-10 12:00:00,6789,-2732,0,3146,6,20,75,98,462,972,1035,985,466,6,341,90,0,96,100,1247,5,117,117.0,62
2017-01-10 13:00:00,6612,-2346,0,3003,5,0,35,114,482,977,838,966,467,4,365,92,0,95,101,1092,10,118,117.5,63
2017-01-10 14:00:00,7890,-1372,0,3307,2,13,40,113,494,984,1016,807,466,4,369,88,0,93,101,1196,19,119,117.7,67
2017-01-10 15:00:00,7034,-655,0,2056,0,0,0,121,498,1008,950,961,468,3,33,88,0,101,102,1100,3,130,118.0,68
2017-01-10 16:00:00,6584,-413,0,1688,0,0,40,124,485,1001,922,950,468,3,0,61,0,106,102,1172,4,129,118.2,67
2017-01-10 17:00:00,6819,-157,0,1626,0,155,41,77,523,931,930,942,459,2,0,9,0,151,8,1291,0,12,118.2,67
2017-01-10 18:00:00,5838,29,0,1241,0,0,0,32,530,918,934,840,257,0,0,0,0,118,0,1190,0,0,118.4,65
2017-01-10 19:00:00,5566,0,0,1479,0,0,0,51,480,921,782,697,33,0,0,0,0,49,0,1286,0,0,119.2,63
2017-01-10 20:00:00,5171,0,0,1019,0,0,0,54,489,923,938,689,33,0,0,0,0,50,0,1170,0,0,119.5,62
2017-01-10 21:00:00,5321,0,0,1248,0,0,0,53,490,929,1003,605,33,0,0,0,0,50,0,1125,0,0,120.0,61
2017-01-10 22:00:00,4958,0,0,1120,0,0,0,39,361,935,800,621,33,1,0,0,0,48,0,1202,0,0,120.7,61
2017-01-10 23:00:00,3735,0,0,400,0,0,0,19,434,77,821,609,34,0,0,0,0,49,0,1209,0,0,121.0,60
2017-01-11 00:00:00,4335,0,0,796,0,0,0,51,524,105,873,613,34,0,0,0,0,50,0,1238,0,0,120.3,60
2017-01-11 01:00:00,5105,0,0,1048,0,0,0,55,365,960,862,552,33,0,0,0,0,49,0,1298,0,0,120.4,60
2017-01-11 02:00:00,4891,0,0,970,0,0,0,53,339,941,845,573,33,0,0,0,0,49,0,1199,0,0,120.4,60
2017-01-11 03:00:00,5121,0,0,1174,0,0,0,37,473,932,757,613,33,0,0,0,0,49,0,1191,0,0,120.1,59
2017-01-11 04:00:00,4578,0,0,789,0,0,0,24,390,926,796,577,33,0,0,0,0,49,0,1088,0,0,120.1,59
2017-01-11 05:00:00,4601,0,0,772,0,0,0,44,345,671,847,753,33,0,0,0,0,50,0,1153,0,0,119.3,59
2017-01-11 06:00:00,3744,0,0,292,0,0,0,53,415,25,856,648,32,1,0,0,0,51,0,1187,0,0,118.4,59
2017-01-11 07:00:00,5346,-62,0,1010,87,0,0,77,508,607,750,535,376,5,0,0,0,50,0,1345,0,0,117.9,59
2017-01-11 08:00:00,5882,-181,0,794,88,0,0,328,463,897,933,563,453,5,0,14,0,91,403,1140,2,25,116.2,60
2017-01-11 09:00:00,5799,-1090,0,1344,1,0,0,187,512,895,1058,736,458,3,273,86,0,95,179,1106,3,35,116.0,62
2017-01-11 10:00:00,6471,-2043,0,3146,4,0,60,199,522,970,937,535,460,4,316,85,0,107,97,1152,4,103,115.4,64
2017-01-11 11:00:00,6251,-2541,0,3154,6,0,57,113,501,977,976,537,465,5,332,86,0,106,99,1057,4,110,116.5,68
2017-01-11 12:00:00,6524,-2359,0,2730,574,86,40,226,316,985,859,516,466,4,341,87,0,97,100,1106,4,114,117.0,69
2017-01-11 13:00:00,8798,-1555,0,3857,672,176,41,106,432,982,1118,535,465,3,331,87,0,102,100,1267,5,111,117.0,69
2017-01-11 14:00:00,7324,-1341,0,2827,143,0,108,117,473,981,883,509,465,5,363,88,0,95,101,1078,4,120,117.6,68
2017-01-11 15:00:00,6659,-830,0,1931,0,0,41,134,442,1007,794,523,463,3,112,88,0,118,102,1114,4,127,118.3,69
2017-01-11 16:00:00,5553,-417,0,611,0,28,0,131,533,1032,989,673,493,2,0,82,0,111,103,1203,4,133,118.6,69
2017-01-11 17:00:00,6914,-174,0,1923,0,127,0,74,446,976,892,739,550,1,0,43,0,158,46,1093,1,58,118.6,69
2017-01-11 18:00:00,5606,33,0,876,0,0,0,5,533,929,919,706,544,1,0,2,0,149,0,1126,0,0,118.8,67
2017-01-11 19:00:00,5156,0,0,746,0,0,0,67,556,931,964,598,33,0,0,0,0,51,0,1378,0,0,119.0,64
2017-01-11 20:00:00,4984,0,0,740,0,0,0,57,534,939,843,578,33,0,0,0,0,48,0,1388,0,0,119.8,64
2017-01-11 21:00:00,5055,0,0,1067,0,0,0,54,427,938,838,554,33,0,0,0,0,49,0,1268,0,0,119.9,65
2017-01-11 22:00:00,4678,0,0,703,0,0,0,50,364,945,911,573,34,0,0,0,0,48,0,1243,0,0,120.6,64
2017-01-11 23:00:00,4767,0,0,686,0,0,0,50,441,943,882,569,33,0,0,0,0,48,0,1299,0,0,120.5,63
2017-01-12 00:00:00,4611,0,0,701,0,0,0,50,476,942,847,557,33,0,0,0,0,49,0,1131,0,0,120.6,63
2017-01-12 01:00:00,4962,0,0,805,0,0,0,49,405,943,870,575,33,0,0,0,0,50,0,1409,0,0,120.7,62
2017-01-12 02:00:00,5081,0,0,1021,0,0,0,48,369,941,933,559,33,0,0,0,0,49,0,1344,0,0,120.6,61
2017-01-12 03:00:00,4693,0,0,684,0,0,0,48,451,940,838,548,33,0,0,0,0,49,0,1266,0,0,120.5,61
2017-01-12 04:00:00,4831,0,0,679,0,0,0,47,485,938,814,666,33,0,0,0,0,49,0,1304,0,0,120.5,61
2017-01-12 05:00:00,4809,0,0,612,0,0,0,49,387,930,1037,675,33,0,0,0,0,49,0,1195,0,0,119.8,61
2017-01-12 06:00:00,4536,0,0,669,0,0,0,46,356,913,885,538,32,0,0,0,0,49,0,1207,0,0,118.7,61
2017-01-12 07:00:00,4844,-60,0,686,0,0,0,49,481,905,847,571,32,1,0,0,0,49,0,1361,0,0,117.9,61
2017-01-12 08:00:00,5740,-183,0,1018,0,0,0,77,517,895,869,552,338,8,0,12,0,80,347,1343,2,26,116.7,62
2017-01-12 09:00:00,5466,-1160,0,2090,1,0,0,149,479,879,757,492,467,1,0,86,0,91,212,1073,3,35,116.0,65
2017-01-12 10:00:00,5516,-2113,0,2063,119,8,40,245,454,988,765,507,467,5,327,86,0,103,99,1086,4,113,116.2,68
2017-01-12 11:00:00,5937,-2608,0,2496,75,0,40,338,324,997,927,579,466,4,362,86,0,96,100,1151,4,128,116.8,70
2017-01-12 12:00:00,6379,-2701,0,3280,7,0,117,274,469,1015,779,555,465,7,307,87,0,105,100,1053,4,114,117.0,71
2017-01-12 13:00:00,8656,-2460,0,3820,779,0,52,326,518,986,794,899,466,4,342,86,0,96,99,1333,5,107,116.3,71
2017-01-12 14:00:00,8899,-1898,0,4135,4,0,21,314,807,985,781,759,465,3,337,85,0,98,99,1251,5,104,115.9,73
2017-01-12 15:00:00,9049,-1302,0,4086,3,0,118,199,518,1006,768,604,465,7,342,85,0,100,99,1240,5,103,115.7,72
2017-01-12 16:00:00,8531,-410,0,3293,0,0,50,165,571,1013,933,708,466,5,363,86,0,97,99,1078,4,108,116.1,72
2017-01-12 17:00:00,6699,-140,0,2314,0,0,0,66,418,947,868,582,466,5,27,58,0,110,25,1129,1,27,116.9,69
2017-01-12 18:00:00,4255,34,0,259,0,0,0,37,551,924,882,615,48,3,0,0,0,52,0,1061,0,0,117.8,66
2017-01-12 19:00:00,4981,0,0,650,0,0,0,56,640,931,976,597,33,0,0,0,0,52,0,1277,0,0,118.3,66
2017-01-12 20:00:00,5009,0,0,674,0,0,0,56,598,946,934,571,33,0,0,0,0,52,0,1390,0,0,119.6,65
2017-01-12 21:00:00,5441,0,0,1098,0,0,0,55,611,953,957,575,33,0,0,0,0,51,0,1397,0,0,120.3,66
2017-01-12 22:00:00,4916,0,0,686,0,0,0,53,579,956,934,577,34,0,0,0,0,51,0,1312,0,0,120.7,65
2017-01-12 23:00:00,5258,0,0,1035,0,0,0,55,598,954,941,583,34,0,0,0,0,50,0,1306,0,0,120.6,66
2017-01-13 00:00:00,4857,0,0,679,0,0,0,53,468,962,960,602,34,0,0,0,0,49,0,1311,0,0,121.2,66
2017-01-13 01:00:00,4980,0,0,691,0,0,0,52,452,962,1007,758,34,0,0,0,0,49,0,1273,0,0,121.2,66
2017-01-13 02:00:00,5492,0,0,1061,0,0,0,46,530,963,1059,659,33,0,0,0,0,49,0,1424,0,0,121.4,65
2017-01-13 03:00:00,5019,0,0,693,0,0,0,48,553,962,959,579,34,0,0,0,0,49,0,1419,0,0,121.2,64
2017-01-13 04:00:00,5246,0,0,1058,0,0,0,45,521,960,942,631,34,0,0,0,0,50,0,1313,0,0,121.2,64
2017-01-13 05:00:00,4701,0,0,710,0,0,0,44,397,951,940,550,34,0,0,0,0,50,0,1303,0,0,120.8,64
2017-01-13 06:00:00,4728,0,0,725,0,0,0,43,456,931,899,558,33,0,0,0,0,51,0,1276,0,0,119.3,63
2017-01-13 07:00:00,4822,-63,0,725,0,0,0,140,498,917,876,612,42,1,0,0,0,55,0,1203,0,0,118.2,63
2017-01-13 08:00:00,7502,-196,0,2518,0,0,31,129,518,894,835,550,559,10,1,74,0,95,512,1266,4,36,116.4,64
2017-01-13 09:00:00,6921,-1147,0,2685,2,0,0,126,484,965,1026,722,560,5,225,86,0,99,99,1194,3,94,116.1,66
2017-01-13 10:00:00,6198,-2102,0,2705,4,0,0,138,325,964,896,866,560,3,360,85,0,101,98,1242,5,107,115.9,66
2017-01-13 11:00:00,7115,-2590,0,2946,600,0,0,108,455,979,854,917,561,2,363,86,0,97,100,1160,4,111,116.2,68
2017-01-13 12:00:00,7704,-2584,0,3520,493,0,39,94,450,988,916,875,560,3,346,86,0,102,100,1151,4,109,116.3,69
2017-01-13 13:00:00,9113,-1895,0,4183,754,0,39,111,339,980,930,890,560,2,337,85,0,105,99,1105,4,105,116.0,70
2017-01-13 14:00:00,8575,-1364,0,3659,647,52,38,118,425,995,868,646,561,2,130,88,0,99,99,1213,4,106,115.9,70
2017-01-13 15:00:00,8291,-878,0,2912,570,0,40,166,460,998,939,827,563,6,0,86,0,97,100,1097,3,112,116.4,70
2017-01-13 16:00:00,8206,-326,0,2922,0,0,122,86,419,1016,994,736,563,4,0,87,0,98,101,1104,3,120,117.1,70
2017-01-13 17:00:00,6641,-147,0,1867,0,0,0,97,427,980,977,668,558,2,0,76,0,150,20,1110,1,28,118.4,69
2017-01-13 18:00:00,8427,26,0,2197,1726,0,0,102,347,925,851,770,556,2,0,43,0,156,0,1129,0,0,118.4,69
2017-01-13 19:00:00,6586,0,0,1767,0,0,0,92,478,929,988,696,558,0,0,38,0,163,0,1160,0,0,119.0,69
2017-01-13 20:00:00,4509,0,0,0,0,0,0,47,584,931,889,639,92,0,0,0,0,58,0,1379,0,0,119.3,68
2017-01-13 21:00:00,5442,0,0,1146,0,0,0,58,489,937,905,640,33,0,0,0,0,49,0,1385,0,0,119.8,68
2017-01-13 22:00:00,4909,0,0,749,0,0,0,57,404,941,1030,562,33,0,0,0,0,49,0,1282,0,0,120.1,68
2017-01-13 23:00:00,5204,0,0,1159,0,0,0,29,416,932,943,619,33,0,0,0,0,49,0,1248,0,0,119.6,66
2017-01-14 00:00:00,4798,0,0,748,0,0,0,28,504,931,870,597,33,0,0,0,0,50,0,1208,0,0,119.6,68
2017-01-14 01:00:00,5002,0,0,1027,0,0,0,56,500,934,832,549,33,0,0,0,0,50,0,1212,0,0,120.0,65
2017-01-14 02:00:00,4986,0,0,847,0,0,0,59,387,938,883,565,33,0,0,0,0,50,0,1399,0,0,120.2,65
2017-01-14 03:00:00,5120,0,0,925,0,0,0,56,387,939,914,597,33,0,0,0,0,50,0,1397,0,0,120.3,65
2017-01-14 04:00:00,5113,0,0,1062,0,0,0,38,510,937,844,575,33,0,0,0,0,49,0,1251,0,0,120.2,65
2017-01-14 05:00:00,4761,0,0,745,0,0,0,26,507,930,798,589,33,0,0,0,0,49,0,1247,0,0,119.9,65
2017-01-14 06:00:00,4911,0,0,761,0,0,0,48,374,918,827,787,33,0,0,0,0,49,0,1270,0,0,119.0,64
2017-01-14 07:00:00,5150,-64,0,668,168,0,0,115,394,907,871,610,229,2,59,0,0,49,34,1161,0,17,118.0,65
2017-01-14 08:00:00,7870,-248,0,2510,95,0,0,129,536,971,868,555,453,3,359,2,0,67,504,1353,6,36,116.4,65
2017-01-14 09:00:00,6674,-761,0,2736,1,0,0,120,445,992,909,476,466,2,56,0,0,105,100,1174,3,94,116.4,66
2017-01-14 10:00:00,4077,-1977,0,1248,1,0,0,109,436,980,737,492,456,1,0,0,0,106,99,1153,4,113,116.4,67
2017-01-14 11:00:00,4601,-2570,0,1786,159,0,0,122,433,978,801,516,462,1,0,0,0,103,99,1133,4,112,116.6,68
2017-01-14 12:00:00,6090,-2291,0,2219,886,10,0,119,413,1000,707,555,463,1,0,0,0,93,100,1091,3,112,116.8,68
2017-01-14 13:00:00,5284,-2351,0,2370,3,0,0,122,277,1010,704,518,464,2,0,0,0,103,100,1124,3,114,117.0,70
2017-01-14 14:00:00,6174,-1094,0,1951,0,0,0,84,354,998,718,500,461,1,0,0,0,96,100,1371,5,113,116.5,71
2017-01-14 15:00:00,6331,-1155,0,2119,1,0,0,106,430,1023,731,521,463,1,0,0,0,91,100,1195,4,115,117.1,70
2017-01-14 16:00:00,6096,-527,0,1688,0,0,0,131,362,1026,749,569,462,2,0,0,0,90,101,1193,4,119,117.2,71
2017-01-14 17:00:00,5679,-173,0,1362,0,0,0,75,372,952,814,509,425,2,0,0,0,139,6,1183,0,14,117.6,74
2017-01-14 18:00:00,4988,32,0,763,0,0,0,37,484,928,885,687,33,0,0,0,0,50,0,1251,0,0,118.0,73
2017-01-14 19:00:00,4953,0,0,803,0,0,0,51,542,929,884,650,33,0,0,0,0,50,0,1102,0,0,118.6,72
2017-01-14 20:00:00,5439,0,0,1136,0,0,0,51,519,934,876,569,33,0,0,0,0,50,0,1375,0,0,119.2,70
2017-01-14 21:00:00,5312,0,0,996,0,0,0,50,470,938,1046,526,33,0,0,0,0,51,0,1387,0,0,119.9,70
2017-01-14 22:00:00,4933,0,0,991,0,0,0,50,363,945,896,521,33,0,0,0,0,48,0,1210,0,0,120.7,70
2017-01-14 23:00:00,4830,0,0,720,0,0,0,50,394,947,885,540,33,0,0,0,0,48,0,1307,0,0,120.8,69
2017-01-15 00:00:00,5369,0,0,1172,0,0,0,50,508,944,875,527,33,0,0,0,0,49,0,1359,0,0,120.7,67
2017-01-15 01:00:00,4777,0,0,717,0,0,0,49,466,939,841,528,33,0,0,0,0,49,0,1256,0,0,120.4,66
2017-01-15 02:00:00,4854,0,0,779,0,0,0,48,358,942,865,541,33,0,0,0,0,49,0,1345,0,0,120.8,65
2017-01-15 03:00:00,5363,0,0,1137,0,0,0,51,365,941,862,571,33,0,0,0,0,50,0,1407,0,0,120.7,64
2017-01-15 04:00:00,4897,0,0,709,0,0,0,45,506,946,846,553,33,0,0,0,0,49,0,1323,0,0,121.0,64
2017-01-15 05:00:00,5144,0,0,925,0,0,0,43,503,938,854,545,33,0,0,0,0,49,0,1397,0,0,120.5,64
2017-01-15 06:00:00,5021,0,0,962,0,0,0,41,377,926,830,579,33,0,0,0,0,50,0,1248,0,0,119.8,64
2017-01-15 07:00:00,4893,-81,0,767,0,0,0,59,366,909,829,739,33,0,0,0,0,48,0,1239,0,0,118.5,63
2017-01-15 08:00:00,5418,-189,0,797,0,0,0,123,460,887,1052,527,196,6,0,0,0,64,223,1204,1,14,116.5,66
2017-01-15 09:00:00,7227,-1116,0,2000,729,0,40,320,588,903,993,857,482,4,134,0,0,95,330,1043,4,50,116.1,67
2017-01-15 10:00:00,7136,-2110,0,3914,5,0,39,288,360,1005,868,583,558,4,346,0,0,95,99,1251,4,103,116.2,68
2017-01-15 11:00:00,6117,-2326,0,3060,5,0,0,297,488,1010,788,521,556,3,365,0,0,102,99,1174,4,107,116.5,70
2017-01-15 12:00:00,6144,-1893,0,2937,3,0,0,140,499,992,795,509,557,1,252,0,0,96,100,1172,4,111,117.0,72
2017-01-15 13:00:00,6013,-1802,0,3089,4,0,0,143,460,988,753,501,559,1,0,0,0,96,100,1096,3,109,117.2,72
2017-01-15 14:00:00,4057,-1424,0,698,0,0,0,50,499,962,786,597,397,1,0,0,0,74,51,1216,2,67,117.3,72
2017-01-15 15:00:00,4903,-862,0,1361,0,0,0,44,539,916,839,683,33,0,0,0,0,49,0,1345,0,0,117.2,71
2017-01-15 16:00:00,4984,-505,0,1316,0,0,0,42,501,912,822,553,33,1,0,0,0,48,0,1340,0,0,117.4,71
2017-01-15 17:00:00,5139,-184,0,1263,0,0,0,38,487,911,817,562,33,0,0,0,0,50,0,1246,0,0,117.7,70
2017-01-15 18:00:00,4793,30,0,762,0,0,0,42,493,916,820,549,33,0,0,0,0,51,0,1262,0,0,118.3,69
2017-01-15 19:00:00,5127,0,0,1141,0,0,0,50,434,927,959,543,33,0,0,0,0,51,0,1172,0,0,119.2,69
2017-01-15 20:00:00,4705,0,0,733,0,0,0,49,425,936,851,547,33,0,0,0,0,50,0,1241,0,0,120.0,69
2017-01-15 21:00:00,5287,0,0,1143,0,0,0,51,525,937,837,515,33,0,0,0,0,51,0,1398,0,0,120.2,70
2017-01-15 22:00:00,5064,0,0,962,0,0,0,51,518,944,833,529,33,0,0,0,0,49,0,1313,0,0,120.6,70
2017-01-15 23:00:00,4943,0,0,995,0,0,0,50,411,933,827,553,33,0,0,0,0,49,0,1272,0,0,119.9,72
2017-01-16 00:00:00,4845,0,0,835,0,0,0,51,389,945,849,567,33,0,0,0,0,49,0,1311,0,0,120.9,71
2017-01-16 01:00:00,5229,0,0,1124,0,0,0,51,432,949,872,577,34,0,0,0,0,49,0,1308,0,0,121.2,68
2017-01-16 02:00:00,4921,0,0,757,0,0,0,46,524,951,869,562,34,0,0,0,0,49,0,1244,0,0,121.2,66
2017-01-16 03:00:00,5510,0,0,1107,0,0,0,40,487,952,897,732,34,0,0,0,0,49,0,1424,0,0,121.2,66
2017-01-16 04:00:00,4902,0,0,808,0,0,0,38,377,952,874,551,33,0,0,0,0,49,0,1332,0,0,121.4,65
2017-01-16 05:00:00,4886,0,0,813,0,0,0,39,379,943,870,569,33,0,0,0,0,49,0,1295,0,0,120.8,65
2017-01-16 06:00:00,5088,0,0,970,0,0,0,38,496,929,872,555,33,0,0,0,0,50,0,1290,0,0,119.8,65
2017-01-16 07:00:00,5038,-50,0,749,0,0,0,50,466,911,1002,558,57,0,0,0,0,52,0,1248,0,0,118.5,65
2017-01-16 08:00:00,6685,-334,0,2239,0,0,115,129,371,885,804,506,462,7,0,7,0,94,270,1204,2,24,116.4,66
2017-01-16 09:00:00,7240,-640,0,2818,1,0,38,226,429,899,856,534,464,3,329,0,0,106,270,1237,4,38,115.9,69
2017-01-16 10:00:00,6816,-1202,0,3370,3,0,0,178,430,974,698,443,465,3,330,8,0,99,99,1076,3,104,116.0,70
2017-01-16 11:00:00,6603,-1178,0,3090,2,0,39,116,398,958,826,440,466,4,355,22,0,100,98,1073,4,106,115.8,72
2017-01-16 12:00:00,7110,-1768,0,3322,556,66,39,147,352,957,843,603,466,4,328,43,0,100,99,1139,4,105,116.1,72
2017-01-16 13:00:00,6928,-1744,0,3852,192,0,30,137,346,977,743,525,467,3,260,74,0,103,100,1063,4,107,116.6,74
2017-01-16 14:00:00,5754,-1100,0,1963,1,127,0,108,457,998,832,553,465,5,0,87,0,95,100,1117,4,116,116.9,73
2017-01-16 15:00:00,6834,-1128,0,2823,2,0,0,130,448,1007,779,740,463,3,0,86,0,98,100,1372,5,113,116.9,75
2017-01-16 16:00:00,6302,-317,0,1286,0,0,0,144,474,1019,820,827,456,2,0,49,0,99,102,1389,5,124,117.7,73
2017-01-16 17:00:00,6340,-167,0,1680,0,0,0,93,433,968,1017,589,460,1,0,27,0,155,19,1168,1,27,118.0,72
2017-01-16 18:00:00,5410,38,0,794,0,0,0,53,581,929,1124,598,66,0,0,0,0,54,0,1352,0,0,118.0,74
2017-01-16 19:00:00,5460,0,0,1268,0,0,0,47,516,936,951,576,33,0,0,0,0,50,0,1278,0,0,119.2,72
2017-01-16 20:00:00,4884,0,0,711,0,0,0,46,571,933,997,601,33,0,0,0,0,50,0,1113,0,0,119.3,70
2017-01-16 21:00:00,5503,0,0,1182,0,0,0,45,502,942,966,575,33,0,0,0,0,51,0,1403,0,0,120.0,70
2017-01-16 22:00:00,5398,0,0,1287,0,0,0,44,372,937,930,570,33,0,0,0,0,51,0,1393,0,0,120.0,70
2017-01-16 23:00:00,4943,0,0,829,0,0,0,55,398,937,943,573,33,0,0,0,0,50,0,1293,0,0,120.0,71
2017-01-17 00:00:00,5217,0,0,1033,0,0,0,54,519,946,920,549,34,0,0,0,0,51,0,1314,0,0,120.7,70
2017-01-17 01:00:00,5304,0,0,1087,0,0,0,54,534,951,930,565,34,0,0,0,0,52,0,1316,0,0,121.1,68
2017-01-17 02:00:00,4718,0,0,753,0,0,0,51,410,957,903,585,34,0,0,0,0,51,0,1160,0,0,121.7,67
2017-01-17 03:00:00,5540,0,0,1086,0,0,0,54,388,955,965,785,34,0,0,0,0,50,0,1433,0,0,121.5,66
2017-01-17 04:00:00,5281,0,0,771,0,0,0,74,476,955,1081,569,34,0,0,0,0,51,0,1424,0,0,121.5,65
2017-01-17 05:00:00,5670,0,0,1187,0,0,0,86,556,945,967,606,33,0,0,0,0,51,0,1408,0,0,120.8
2017-01-17 06:00:00,5032,0,0,911,0,0,0,60,403,926,920,564,33,1,0,0,0,51,0,1284,0,0,119.7
2017-01-17 07:00:00,4787,-73,0,902,0,0,0,57,374,907,850,511,33,0,0,0,0,51,0,1220,0,0,118.2
2017-01-17 08:00:00,6969,-202,0,2424,0,0,0,331,533,887,897,639,431,11,0,0,0,88,0,1062,0,17,116.8,65
2017-01-17 09:00:00,6915,-1157,0,2509,2,0,118,340,476,947,814,611,465,6,243,1,0,89,514,1247,5,41,116.7,68
2017-01-17 10:00:00,7567,-1901,0,3683,5,82,55,469,472,968,1115,684,465,4,344,0,0,95,99,1167,4,105,116.0,72
2017-01-17 11:00:00,7704,-2293,0,4078,5,3,38,397,333,982,1126,842,465,2,330,1,0,97,98,1040,3,101,115.5,74
2017-01-17 12:00:00,8104,-2013,0,4119,5,43,0,397,394,967,1060,787,465,1,342,42,0,112,98,1148,4,101,115.6,74
2017-01-17 13:00:00,8056,-1898,0,4139,4,0,33,381,502,977,967,685,466,3,358,43,0,95,99,1073,4,104,116.2,73
2017-01-17 14:00:00,8547,-1945,0,4238,4,0,0,372,418,983,934,827,466,1,348,42,0,96,100,1153,5,105,116.5,72
2017-01-17 15:00:00,8719,-1163,0,3789,2,13,106,374,329,998,782,592,465,4,363,42,0,109,99,1257,5,104,116.0,73
2017-01-17 16:00:00,8755,-498,0,4005,1,0,0,328,354,976,1034,708,466,1,241,43,0,98,100,1109,4,104,116.4,73
2017-01-17 17:00:00,7249,-188,0,2168,0,0,41,244,709,927,982,771,464,4,0,26,0,109,21,1161,1,23,117.3,73
2017-01-17 18:00:00,5299,39,0,381,0,0,0,75,770,921,1011,698,78,0,0,0,0,52,0,1360,0,0,118.4,71
2017-01-17 19:00:00,5659,0,0,1201,0,0,0,54,611,929,1017,696,33,0,0,0,0,50,0,1291,0,0,119.1,70
2017-01-17 20:00:00,5277,0,0,783,0,0,0,45,589,930,1009,778,33,0,0,0,0,51,0,1284,0,0,119.5,68
2017-01-17 21:00:00,5400,0,0,1141,0,0,0,47,560,937,996,615,33,0,0,0,0,51,0,1240,0,0,119.9,67
2017-01-17 22:00:00,5478,0,0,1210,0,0,0,49,551,936,885,593,33,0,0,0,0,51,0,1398,0,0,120.0,67
2017-01-17 23:00:00,5173,0,0,1053,0,0,0,45,491,935,890,595,33,0,0,0,0,50,0,1296,0,0,120.0,67
2017-01-18 00:00:00,5029,0,0,956,0,0,0,47,390,948,895,614,33,0,0,0,0,51,0,1311,0,0,121.0,67
2017-01-18 01:00:00,5360,0,0,1176,0,0,0,57,487,951,944,572,34,0,0,0,0,51,0,1317,0,0,121.2,67
2017-01-18 02:00:00,5010,0,0,794,0,0,0,125,561,948,928,583,34,0,0,0,0,51,0,1199,0,0,121.1,66
2017-01-18 03:00:00,5225,0,0,1106,0,0,0,47,511,945,915,585,33,0,0,0,0,51,0,1267,0,0,120.9,66
2017-01-18 04:00:00,4857,0,0,743,0,0,0,38,409,944,840,586,33,1,0,0,0,51,0,1416,0,0,121.0,65
2017-01-18 05:00:00,5118,0,0,1039,0,0,0,37,438,940,873,586,33,0,0,0,0,51,0,1317,0,0,120.8,64
2017-01-18 06:00:00,4884,0,0,815,0,0,0,49,543,922,822,560,33,0,0,0,0,51,0,1283,0,0,119.4,64
2017-01-18 07:00:00,5188,-86,0,684,0,0,0,127,442,901,975,699,151,1,0,0,0,79,0,1277,0,0,117.8,64
2017-01-18 08:00:00,6333,-340,0,869,0,0,39,307,532,894,1081,729,448,11,121,1,0,89,424,1355,3,23,116.8,65
2017-01-18 09:00:00,7633,-972,0,3494,2,0,0,167,528,882,816,766,531,1,351,0,0,101,132,1183,4,35,115.9,70
2017-01-18 10:00:00,7975,-1668,0,4608,5,47,96,106,437,934,784,533,557,4,303,0,0,98,98,1342,5,92,115.4,72
2017-01-18 11:00:00,6336,-2270,0,2981,5,37,0,121,313,966,865,526,558,3,342,75,0,97,99,1172,4,106,116.1,72
2017-01-18 12:00:00,6620,-2645,0,3459,7,0,41,108,428,977,820,468,559,3,361,107,0,97,100,1166,4,107,116.7,73
2017-01-18 13:00:00,7389,-2521,0,4008,8,0,37,117,449,963,838,676,560,3,361,91,0,98,100,1131,4,105,116.6,72
2017-01-18 14:00:00,7730,-2056,0,3822,5,0,0,185,606,966,858,625,559,4,356,86,0,100,100,1064,4,106,116.4,72
2017-01-18 15:00:00,7808,-1180,0,3165,2,0,0,110,544,984,940,773,555,2,160,81,0,95,100,1167,4,109,116.6,72
2017-01-18 16:00:00,7333,-507,0,2620,0,0,0,119,531,985,862,629,556,2,0,19,0,135,101,1284,4,113,117.5,72
2017-01-18 17:00:00,6433,-204,0,1547,0,0,0,114,546,938,957,629,552,2,0,0,0,167,10,1288,0,11,119.0,72
2017-01-18 18:00:00,5744,38,0,863,0,0,0,73,821,927,971,635,182,0,0,0,0,68,0,1370,0,0,118.8,70
2017-01-18 19:00:00,5377,0,0,1030,0,0,0,54,635,921,953,534,33,0,0,0,0,51,0,1364,0,0,118.5,69
2017-01-18 20:00:00,5308,0,0,1151,0,0,0,53,599,929,870,552,33,0,0,0,0,52,0,1288,0,0,119.5,67
2017-01-18 21:00:00,5096,0,0,1119,0,0,0,41,569,935,867,556,33,0,0,0,0,52,0,1132,0,0,120.0,66
2017-01-18 22:00:00,5082,0,0,814,0,0,0,38,553,947,870,545,34,0,0,0,0,51,0,1415,0,0,120.8,66
2017-01-18 23:00:00,5332,0,0,1186,0,0,0,36,423,950,925,557,34,0,0,0,0,51,0,1416,0,0,121.1,66
2017-01-19 00:00:00,5105,0,0,776,0,0,0,136,552,954,942,554,34,0,0,0,0,50,0,1328,0,0,121.4,66
2017-01-19 01:00:00,5371,0,0,1123,0,0,0,54,552,953,896,560,34,0,0,0,0,51,0,1393,0,0,121.4,65
2017-01-19 02:00:00,4933,0,0,733,0,0,0,54,531,955,871,648,34,0,0,0,0,50,0,1252,0,0,121.5,66
2017-01-19 03:00:00,4976,0,0,860,0,0,0,56,433,956,858,675,33,0,0,0,0,51,0,1263,0,0,121.8,66
2017-01-19 04:00:00,5676,0,0,1176,0,0,0,53,545,955,1051,642,33,0,0,0,0,51,0,1432,0,0,121.6,65
2017-01-19 05:00:00,5132,0,0,843,0,0,0,52,478,948,963,558,33,0,0,0,0,51,0,1418,0,0,121.2,65
2017-01-19 06:00:00,5232,0,0,1119,0,0,0,52,511,926,892,544,33,0,0,0,0,52,0,1302,0,0,119.7,65
2017-01-19 07:00:00,4635,-76,0,734,0,0,0,33,391,905,806,579,32,1,0,0,0,51,0,1245,0,0,118.1,65
2017-01-19 08:00:00,4842,-190,0,740,0,0,0,31,476,891,751,532,32,1,0,0,0,52,0,1330,0,0,116.8,66
2017-01-19 09:00:00,7407,-1189,0,3243,154,0,37,64,531,895,975,513,451,5,317,33,0,94,477,1071,3,36,116.5,69
2017-01-19 10:00:00,6363,-2149,0,3048,71,15,0,355,431,972,845,562,464,3,362,43,0,96,100,1259,5,95,116.6,71
2017-01-19 11:00:00,6749,-2648,0,3931,7,197,116,353,353,969,831,486,464,3,319,43,0,98,99,1191,4,103,116.3,73
2017-01-19 12:00:00,6874,-2778,0,4224,10,32,30,280,363,972,765,526,465,2,307,43,0,105,100,1159,4,104,116.7,72
2017-01-19 13:00:00,7155,-2591,0,4262,9,31,47,221,424,999,910,510,465,4,319,43,0,101,100,1081,4,105,116.8,71
2017-01-19 14:00:00,8056,-2136,0,4740,7,6,39,315,442,989,748,669,465,2,323,43,0,103,100,1061,4,103,116.5,70
2017-01-19 15:00:00,9445,-1161,0,4497,3,0,39,188,421,997,935,819,466,3,353,86,0,97,100,1011,4,107,116.7,71
2017-01-19 16:00:00,10127,-613,0,4375,776,28,0,298,577,996,889,600,465,3,348,87,0,96,101,1366,6,108,116.9,71
2017-01-19 17:00:00,7298,-216,0,2367,180,0,80,163,436,959,796,597,462,4,242,37,0,106,41,1206,2,45,118.2,70
2017-01-19 18:00:00,7053,25,0,2547,0,0,0,122,454,923,842,637,464,2,0,0,0,166,0,1202,0,0,118.7,70
2017-01-19 19:00:00,4466,0,0,129,0,0,0,53,522,925,862,622,126,0,0,0,0,75,0,1282,0,0,119.1,70
2017-01-19 20:00:00,5568,0,0,1244,0,0,0,142,563,934,904,626,33,0,0,0,0,51,0,1289,0,0,119.7,70
2017-01-19 21:00:00,5192,0,0,1071,0,0,0,76,518,933,847,580,33,0,0,0,0,50,0,1287,0,0,119.7,70
2017-01-19 22:00:00,5171,0,0,1065,0,0,0,68,432,949,853,565,34,0,0,0,0,49,0,1349,0,0,121.1,70
2017-01-19 23:00:00,5281,0,0,1099,0,0,0,62,378,953,920,586,34,0,0,0,0,49,0,1421,0,0,121.2,69
2017-01-20 00:00:00,5130,0,0,965,0,0,0,60,466,956,918,587,34,0,0,0,0,50,0,1333,0,0,121.5,68
2017-01-20 01:00:00,5086,0,0,900,0,0,0,50,529,954,916,551,34,0,0,0,0,49,0,1326,0,0,121.5,68
2017-01-20 02:00:00,5487,0,0,1179,0,0,0,43,417,955,988,812,34,0,0,0,0,50,0,1289,0,0,121.6,69
2017-01-20 03:00:00,4709,0,0,841,0,0,0,41,361,953,848,561,34,0,0,0,0,49,0,1237,0,0,121.5,68
2017-01-20 04:00:00,5153,0,0,1005,0,0,0,38,482,952,919,607,33,0,0,0,0,49,0,1299,0,0,121.3,67
2017-01-20 05:00:00,5237,0,0,998,0,0,0,53,487,943,899,592,34,0,0,0,0,49,0,1414,0,0,120.8,68
2017-01-20 06:00:00,5122,0,0,1147,0,0,0,57,377,925,847,522,33,1,0,0,0,50,0,1384,0,0,119.6,68
2017-01-20 07:00:00,5000,-80,0,761,0,0,0,199,378,905,797,530,225,2,0,0,0,83,0,1284,0,2,118.1,68
2017-01-20 08:00:00,7302,-256,0,2576,0,26,0,349,432,883,763,526,462,7,1,34,0,92,513,1163,4,36,116.6,70
2017-01-20 09:00:00,6581,-1073,0,2744,2,4,6,136,446,904,792,747,463,3,321,43,0,97,100,1047,3,35,116.8,71
2017-01-20 10:00:00,7439,-1035,0,3128,2,41,57,130,422,989,899,858,465,4,344,42,0,99,99,1189,4,103,116.0,71
2017-01-20 11:00:00,7774,-1257,0,3424,3,0,14,125,330,983,882,813,465,5,341,57,0,110,99,1137,4,109,116.4,72
2017-01-20 12:00:00,7287,-2162,0,3326,4,22,0,120,448,971,956,977,467,2,255,53,0,100,100,1139,4,111,116.9,71
2017-01-20 13:00:00,6735,-2516,0,3201,5,33,80,131,448,977,1063,821,467,4,0,43,0,112,100,1175,4,112,116.9,71
2017-01-20 14:00:00,8124,-1907,0,3534,845,0,74,128,440,1021,816,877,468,3,0,42,0,110,100,1098,3,109,116.9,71
2017-01-20 15:00:00,9311,-590,0,3236,1026,0,0,123,429,1003,939,862,468,2,0,42,0,95,100,1178,4,111,116.8,71
2017-01-20 16:00:00,8846,-464,0,2941,900,0,75,177,339,1021,870,698,468,5,0,43,0,100,101,1200,4,116,117.3,71
2017-01-20 17:00:00,6330,-164,0,1269,0,138,0,104,379,958,896,691,456,2,0,39,0,169,1,1300,1,21,118.0,71
2017-01-20 18:00:00,5503,22,0,711,0,0,0,58,570,936,967,881,107,1,0,0,0,63,0,1372,0,0,118.8,70
2017-01-20 19:00:00,5596,0,0,1241,0,0,0,54,495,936,874,752,33,0,0,0,0,50,0,1378,0,0,119.3,70
2017-01-20 20:00:00,5526,0,0,1312,0,0,0,53,541,940,899,609,33,0,0,0,0,50,0,1294,0,0,119.8,71
2017-01-20 21:00:00,5077,0,0,792,0,0,0,53,535,939,929,647,33,0,0,0,0,49,0,1299,0,0,120.1,71
2017-01-20 22:00:00,4983,0,0,1125,0,0,0,53,420,929,853,576,33,0,0,0,0,50,0,1129,0,0,119.6,71
2017-01-20 23:00:00,5194,0,0,945,0,0,0,51,392,940,1024,559,33,0,0,0,0,50,0,1407,0,0,120.3,71
2017-01-21 00:00:00,5257,0,0,1097,0,0,0,50,431,948,903,569,33,0,0,0,0,50,0,1416,0,0,121.2,71
2017-01-21 01:00:00,5246,0,0,1094,0,0,0,52,511,952,897,567,33,0,0,0,0,50,0,1333,0,0,121.5,69
2017-01-21 02:00:00,4860,0,0,763,0,0,0,49,467,950,843,575,34,0,0,0,0,49,0,1322,0,0,121.3,69
2017-01-21 03:00:00,5120,0,0,1162,0,0,0,50,359,949,856,563,33,0,0,0,0,49,0,1330,0,0,121.3,69
2017-01-21 04:00:00,4778,0,0,805,0,0,0,42,376,953,885,593,33,0,0,0,0,49,0,1246,0,0,121.5,69
2017-01-21 05:00:00,5302,0,0,1054,0,0,0,41,527,945,858,577,33,0,0,0,0,49,0,1422,0,0,121.0,69
2017-01-21 06:00:00,5218,0,0,975,0,0,0,42,495,930,846,638,33,0,0,0,0,50,0,1397,0,0,120.2,69
2017-01-21 07:00:00,8435,-64,0,2539,553,0,0,96,395,907,1094,711,444,5,244,1,0,95,483,1294,4,33,118.4,69
2017-01-21 08:00:00,7228,-208,0,2470,0,28,0,259,427,913,1058,535,464,3,361,0,0,110,100,1082,3,35,116.8,71
2017-01-21 09:00:00,6710,-1216,0,2915,2,0,0,89,442,972,966,515,464,1,370,0,0,160,101,1182,4,105,117.2,72
2017-01-21 10:00:00,5455,-1879,0,1901,1,29,0,108,456,997,1008,596,458,2,373,0,0,154,101,1137,4,112,117.8,72
2017-01-21 11:00:00,6905,-2609,0,3461,7,0,0,118,447,998,883,516,463,1,364,0,0,156,100,1381,5,104,117.0,72
2017-01-21 12:00:00,6561,-2720,0,3375,7,7,0,85,366,1004,788,532,463,1,362,0,0,157,100,1211,4,104,117.0,72
2017-01-21 13:00:00,6413,-2560,0,3132,6,0,0,117,323,1027,811,535,464,2,161,0,0,158,100,1360,4,107,117.1,72
2017-01-21 14:00:00,6360,-2071,0,2799,3,0,0,90,406,1042,821,468,464,1,0,0,0,157,100,1277,4,106,116.8,72
2017-01-21 15:00:00,8356,-1386,0,3204,813,7,0,160,465,1016,823,537,463,2,0,0,0,166,100,1274,4,102,116.2,72
2017-01-21 16:00:00,7791,-549,0,2500,231,0,0,125,429,1007,830,685,463,4,0,0,0,153,101,1124,4,109,117.1,72
2017-01-21 17:00:00,6852,-167,0,2205,0,0,0,150,327,952,820,615,461,3,0,0,0,166,1,1326,1,23,117.5,71
2017-01-21 18:00:00,6290,26,0,1560,0,0,83,79,354,929,1016,661,461,6,0,0,0,151,0,1236,0,0,118.2,71
2017-01-21 19:00:00,6075,0,0,1418,0,0,0,76,475,919,889,769,419,3,0,0,0,139,0,1199,0,0,118.4,71
2017-01-21 20:00:00,5093,0,0,795,0,0,0,43,569,929,986,609,33,1,0,0,0,49,0,1295,0,0,119.2,71
2017-01-21 21:00:00,5491,0,0,1273,0,0,0,41,525,940,938,613,33,0,0,0,0,49,0,1300,0,0,120.2,71
2017-01-21 22:00:00,4855,0,0,855,0,0,0,50,509,945,892,567,34,0,0,0,0,48,0,1166,0,0,120.8,71
2017-01-21 23:00:00,5336,0,0,1319,0,0,0,54,372,922,870,583,33,0,0,0,0,49,0,1390,0,0,119.2,71
2017-01-22 00:00:00,4895,0,0,874,0,0,0,53,373,926,837,572,33,0,0,0,0,48,0,1392,0,0,119.6,71
2017-01-22 01:00:00,5084,0,0,1116,0,0,0,53,462,931,846,519,33,0,0,0,0,50,0,1302,0,0,120.0,72
2017-01-22 02:00:00,5058,0,0,943,0,0,0,53,515,932,871,551,34,0,0,0,0,49,0,1309,0,0,120.0,72
2017-01-22 03:00:00,5118,0,0,1199,0,0,0,53,449,931,869,579,34,0,0,0,0,49,0,1192,0,0,120.2,72
2017-01-22 04:00:00,4587,0,0,763,0,0,0,54,381,934,882,546,34,0,0,0,0,49,0,1159,0,0,120.3,72
2017-01-22 05:00:00,5148,0,0,1206,0,0,0,45,343,925,889,522,33,0,0,0,0,49,0,1398,0,0,119.8,72
2017-01-22 06:00:00,5086,0,0,819,0,0,0,39,487,914,836,730,33,0,0,0,0,49,0,1380,0,0,119.1,72
2017-01-22 07:00:00,5364,-83,0,1207,0,0,0,39,492,898,913,618,32,0,0,0,0,49,0,1352,0,0,117.8,72
2017-01-22 08:00:00,5535,-333,0,908,0,0,0,204,463,892,842,564,339,6,0,0,0,126,493,1246,3,27,117.0,73
2017-01-22 09:00:00,7145,-819,0,2698,197,0,40,252,418,911,899,637,456,6,197,0,0,162,99,1266,2,47,116.2,73
2017-01-22 10:00:00,8665,-1664,0,4309,1105,0,77,114,466,966,792,571,464,6,346,0,0,163,98,1206,4,98,115.5,73
2017-01-22 11:00:00,5422,-2170,0,2581,219,6,77,129,397,962,879,481,460,3,4,0,0,162,99,960,3,105,115.9,73
2017-01-22 12:00:00,6131,-2476,0,3046,622,0,0,99,345,977,776,530,459,1,0,0,0,172,100,1383,5,106,116.5,73
2017-01-22 13:00:00,5994,-2049,0,2834,27,0,0,325,425,978,769,522,462,3,0,0,0,163,99,1362,5,104,115.9,74
2017-01-22 14:00:00,6475,-1177,0,2680,322,0,0,76,450,901,757,531,464,3,0,0,0,152,15,1338,0,3,115.9,74
2017-01-22 15:00:00,4538,-913,0,1114,0,0,0,70,391,893,778,524,180,4,0,0,0,80,0,1330,0,0,116.5,74
2017-01-22 16:00:00,4741,-540,0,1318,0,0,0,93,407,896,754,503,33,2,0,0,0,51,0,1331,0,0,116.7,73
2017-01-22 17:00:00,5105,-173,0,1213,0,0,0,58,545,899,782,503,33,2,0,0,0,51,0,1162,0,0,117.2,73
2017-01-22 18:00:00,5576,-7,0,1265,0,0,0,56,504,895,950,690,33,0,0,0,0,51,0,1342,0,0,117.0,73
2017-01-22 19:00:00,5288,0,0,1141,0,0,0,45,458,912,867,625,32,1,0,0,0,51,0,1365,0,0,118.5,74
2017-01-22 20:00:00,5067,0,0,1019,0,0,0,45,389,917,853,573,33,1,0,0,0,51,0,1373,0,0,119.0,75
2017-01-22 21:00:00,5341,0,0,1214,0,0,0,43,502,922,855,557,33,0,0,0,0,51,0,1379,0,0,119.5,88
2017-01-22 22:00:00,4951,0,0,809,0,0,0,44,539,931,839,523,33,0,0,0,0,50,0,1393,0,0,120.1,74
2017-01-22 23:00:00,5152,0,0,1210,0,0,0,44,420,944,866,559,34,0,0,0,0,49,0,1264,0,0,121.0,73
2017-01-23 00:00:00,5000,0,0,847,0,0,0,41,405,946,866,586,34,0,0,0,0,49,0,1423,0,0,121.1,73
2017-01-23 01:00:00,5240,0,0,1064,0,0,0,46,462,943,887,560,34,0,0,0,0,49,0,1414,0,0,121.0,72
2017-01-23 02:00:00,5272,0,0,975,0,0,0,50,556,943,910,554,34,0,0,0,0,49,0,1411,0,0,121.0,71
2017-01-23 03:00:00,5011,0,0,878,0,0,0,49,471,945,865,535,34,0,0,0,0,49,0,1413,0,0,121.0,69
2017-01-23 04:00:00,5079,0,0,1136,0,0,0,50,379,945,865,562,34,0,0,0,0,49,0,1317,0,0,121.1,69
2017-01-23 05:00:00,4600,0,0,683,0,0,0,50,375,937,868,552,33,0,0,0,0,49,0,1254,0,0,120.6,68
2017-01-23 06:00:00,5210,0,0,768,0,0,0,50,543,922,1021,613,33,0,0,0,0,49,0,1392,0,0,119.6,63
2017-01-23 07:00:00,5563,-82,0,1118,0,0,0,51,561,907,825,731,96,0,0,0,0,51,0,1370,0,0,118.6,66
2017-01-23 08:00:00,6450,-312,0,1435,0,21,119,314,618,889,850,535,450,8,128,0,0,96,497,1063,4,34,116.5,67
2017-01-23 09:00:00,7961,-812,0,3790,1,0,38,226,462,884,856,645,464,4,352,20,0,105,100,1249,4,35,116.5,66
2017-01-23 10:00:00,5921,-2069,0,2732,4,0,39,142,453,947,853,638,465,5,354,66,0,100,99,1140,4,103,116.4,70
2017-01-23 11:00:00,5948,-2343,0,3209,7,0,39,149,378,993,778,580,465,4,309,86,0,95,99,1097,3,106,116.5,70
2017-01-23 12:00:00,6729,-1908,0,3350,5,65,53,126,473,985,755,607,466,4,360,86,0,91,99,1260,4,104,116.7,70
2017-01-23 13:00:00,5823,-2379,0,2997,6,0,0,114,466,989,854,607,466,5,353,87,0,98,100,1100,3,107,117.2,68
2017-01-23 14:00:00,6055,-2135,0,3283,5,0,0,159,509,992,815,611,467,4,0,88,0,96,101,1181,4,112,117.9,70
2017-01-23 15:00:00,5902,-1358,0,2271,2,0,0,138,430,1047,771,605,467,3,0,53,0,106,101,1286,4,113,117.6,71
2017-01-23 16:00:00,5751,-491,0,961,0,0,0,110,534,1031,998,538,451,1,0,43,0,153,101,1296,4,118,117.9,70
2017-01-23 17:00:00,5964,-177,0,1370,0,0,0,126,518,971,894,618,456,2,0,4,0,159,8,1132,1,38,118.1,69
2017-01-23 18:00:00,5289,22,0,724,0,0,0,84,587,939,884,732,74,1,0,0,0,56,0,1377,0,0,119.0,69
2017-01-23 19:00:00,5305,0,0,1065,0,0,0,48,487,936,868,631,33,0,0,0,0,50,0,1384,0,0,119.5,68
2017-01-23 20:00:00,5218,0,0,1083,0,0,0,48,550,926,827,547,33,0,0,0,0,50,0,1374,0,0,119.0,67
2017-01-23 21:00:00,4940,0,0,877,0,0,0,56,429,931,834,534,33,0,0,0,0,49,0,1385,0,0,119.7,67
2017-01-23 22:00:00,5055,0,0,934,0,0,0,55,405,943,855,581,33,1,0,0,0,49,0,1403,0,0,120.8,67
2017-01-23 23:00:00,4807,0,0,757,0,0,0,52,498,949,916,592,33,0,0,0,0,48,0,1156,0,0,121.2,67
2017-01-24 00:00:00,5268,0,0,1025,0,0,0,53,521,951,912,541,34,0,0,0,0,49,0,1430,0,0,121.3,67
2017-01-24 01:00:00,5260,0,0,1103,0,0,0,45,409,956,903,577,34,0,0,0,0,50,0,1433,0,0,121.8,67
2017-01-24 02:00:00,4950,0,0,769,0,0,0,43,401,957,910,575,34,0,0,0,0,48,0,1432,0,0,121.9,67
2017-01-24 03:00:00,5470,0,0,1127,0,0,0,43,493,952,1058,554,34,0,0,0,0,49,0,1423,0,0,121.5,67
2017-01-24 04:00:00,4987,0,0,734,0,0,0,43,504,951,962,521,34,0,0,0,0,49,0,1421,0,0,121.5,67
2017-01-24 05:00:00,4792,0,0,830,0,0,0,43,389,936,884,598,33,0,0,0,0,48,0,1249,0,0,120.7,67
2017-01-24 06:00:00,5180,0,0,1006,0,0,0,44,383,915,853,724,33,0,0,0,0,49,0,1381,0,0,119.3,66
2017-01-24 07:00:00,4847,-69,0,723,0,0,0,45,509,903,858,535,32,0,0,0,0,49,0,1361,0,0,118.2,66
2017-01-24 08:00:00,5394,-263,0,720,0,0,0,69,499,887,834,583,241,11,0,5,0,69,221,1351,1,9,116.9,66
2017-01-24 09:00:00,7803,-1239,0,3403,3,13,39,109,550,984,961,721,456,3,282,85,0,100,353,1268,5,35,116.2,67
2017-01-24 10:00:00,6731,-2264,0,3406,159,0,49,319,521,1006,769,582,464,6,349,96,0,105,100,1160,4,104,116.8,68
2017-01-24 11:00:00,5972,-2808,0,3024,57,0,82,265,453,1007,887,526,464,5,354,87,0,101,100,1023,4,103,116.8,67
2017-01-24 12:00:00,6741,-2913,0,3753,9,0,78,293,481,1003,847,504,463,6,297,86,0,100,99,1357,5,102,116.5,68
2017-01-24 13:00:00,7289,-2773,0,4167,9,0,79,378,458,996,812,517,463,5,323,86,0,110,99,1358,5,102,116.3,68
2017-01-24 14:00:00,7377,-2162,0,3856,5,0,39,356,469,1008,905,539,464,5,340,87,0,92,100,1123,4,106,117.1,68
2017-01-24 15:00:00,8358,-1584,0,4262,4,0,111,135,455,1008,828,832,464,4,360,87,0,97,101,1153,4,106,117.5,68
2017-01-24 16:00:00,8540,-652,0,3886,1,0,39,254,472,998,892,826,464,6,264,87,0,99,101,1165,4,108,117.5,68
2017-01-24 17:00:00,7256,-164,0,2445,0,0,40,228,517,973,877,768,466,10,0,86,0,90,62,1103,2,68,118.0,68
2017-01-24 18:00:00,5064,21,0,799,0,0,33,84,480,920,885,599,147,4,0,3,0,87,0,1255,0,0,118.3,66
2017-01-24 19:00:00,4656,0,0,265,0,0,0,66,610,929,903,612,33,1,0,0,0,85,0,1383,0,0,118.9,65
2017-01-24 20:00:00,5096,0,0,628,0,0,0,63,612,940,949,657,33,0,0,0,0,85,0,1400,0,0,119.8,64
2017-01-24 21:00:00,5347,0,0,980,0,0,0,58,530,947,972,604,33,0,0,0,0,87,0,1412,0,0,120.4,64
2017-01-24 22:00:00,5002,0,0,640,0,0,0,57,457,953,979,584,33,0,0,0,0,86,0,1420,0,0,120.8,63
2017-01-24 23:00:00,5199,0,0,699,0,0,0,58,566,956,1007,608,33,0,0,0,0,84,0,1415,0,0,121.1,64
2017-01-25 00:00:00,5124,0,0,957,0,0,0,56,514,959,1099,602,34,0,0,0,0,83,0,1080,0,0,121.4,65
2017-01-25 01:00:00,4851,0,0,647,0,0,0,56,432,963,982,585,34,0,0,0,0,82,0,1302,0,0,121.8,67
2017-01-25 02:00:00,5173,0,0,643,0,0,0,53,532,961,953,653,34,0,0,0,0,82,0,1439,0,0,121.6,66
2017-01-25 03:00:00,5258,0,0,865,0,0,0,52,571,960,957,556,34,0,0,0,0,82,0,1434,0,0,121.5,66
2017-01-25 04:00:00,5266,0,0,759,0,0,0,49,415,960,987,769,33,0,0,0,0,82,0,1434,0,0,121.7,65
2017-01-25 05:00:00,5104,0,0,644,0,0,0,48,471,953,962,655,34,0,0,0,0,83,0,1422,0,0,121.2,66
2017-01-25 06:00:00,4933,0,0,680,0,0,0,48,562,932,919,553,33,0,0,0,0,84,0,1234,0,0,119.7,67
2017-01-25 07:00:00,4841,-86,0,957,0,0,0,46,433,909,898,584,32,3,0,0,0,89,0,1033,0,0,118.1,67
2017-01-25 08:00:00,6063,-401,0,1548,0,18,0,116,546,892,875,514,412,6,151,0,0,93,0,1365,1,6,116.6,68
2017-01-25 09:00:00,8356,-833,0,3770,1,0,0,103,501,902,883,698,464,2,357,40,1,100,513,1241,5,36,116.1,69
2017-01-25 10:00:00,6966,-1768,0,3172,3,0,0,121,688,984,925,690,464,3,357,42,0,92,98,1244,5,111,116.0,70
2017-01-25 11:00:00,7989,-2301,0,3617,950,0,34,107,446,971,1052,769,465,4,328,42,0,92,99,1165,4,109,116.3,70
2017-01-25 12:00:00,7674,-2923,0,4136,584,44,79,59,389,1003,882,936,466,5,340,42,0,99,100,1200,5,102,116.9,71
2017-01-25 13:00:00,8414,-2801,0,4735,604,23,39,53,467,1009,867,824,465,3,332,42,0,107,100,1372,6,101,116.7,71
2017-01-25 14:00:00,8574,-2270,0,4342,495,94,39,71,487,1009,1061,895,465,3,362,42,0,94,100,1172,4,101,116.5,71
2017-01-25 15:00:00,9092,-1530,0,4776,4,0,0,97,448,995,1193,885,466,1,366,42,0,92,100,1160,5,100,116.5,71
2017-01-25 16:00:00,8376,-540,0,3197,0,0,75,61,408,1014,1285,892,464,3,136,42,0,95,100,1067,4,104,116.5,72
2017-01-25 17:00:00,6975,-164,0,2296,0,0,39,44,482,963,952,715,462,3,0,42,0,139,10,1156,1,35,117.5,71
2017-01-25 18:00:00,6052,9,0,1311,0,0,0,26,553,936,1023,846,254,2,0,5,0,103,0,1220,0,0,118.9,72
2017-01-25 19:00:00,5985,0,0,1694,0,0,0,56,465,936,941,689,33,0,0,0,0,50,0,1385,0,0,119.3,72
2017-01-25 20:00:00,5677,0,0,1303,0,0,0,59,491,933,1025,749,33,0,0,0,0,50,0,1281,0,0,119.5,71
2017-01-25 21:00:00,5530,0,0,1323,0,0,0,58,435,940,905,741,33,0,0,0,0,49,0,1289,0,0,120.4,70
2017-01-25 22:00:00,5060,0,0,1238,0,0,0,21,350,948,874,579,34,1,0,0,0,49,0,1209,0,0,121.1,70
2017-01-25 23:00:00,5245,0,0,1205,0,0,0,39,371,948,925,584,33,0,0,0,0,49,0,1312,0,0,121.1,70
2017-01-26 00:00:00,5257,0,0,1256,0,0,0,58,494,947,885,609,33,0,0,0,0,49,0,1153,0,0,121.2,70
2017-01-26 01:00:00,5399,0,0,1272,0,0,0,58,441,950,853,580,33,0,0,0,0,49,0,1423,0,0,121.5,70
2017-01-26 02:00:00,5192,0,0,1237,0,0,0,32,350,950,903,580,33,0,0,0,0,49,0,1302,0,0,121.7,70
2017-01-26 03:00:00,4737,0,0,912,0,0,0,25,347,948,847,570,33,0,0,0,0,48,0,1225,0,0,121.7,70
2017-01-26 04:00:00,5297,0,0,1258,0,0,0,58,474,946,868,550,33,0,0,0,0,49,0,1311,0,0,121.6,71
2017-01-26 05:00:00,5074,0,0,1204,0,0,0,57,402,936,869,555,33,0,0,0,0,49,0,1202,0,0,121.0,71
2017-01-26 06:00:00,4671,0,0,836,0,0,0,43,351,918,904,555,33,0,0,0,0,49,0,1155,0,0,119.8,71
2017-01-26 07:00:00,5100,-88,0,1157,0,0,0,17,362,897,894,544,33,1,0,0,0,50,0,1359,0,0,118.2,71
2017-01-26 08:00:00,6042,-405,0,1321,0,0,0,108,449,881,875,660,390,7,0,12,0,83,506,1353,4,24,116.7,72
2017-01-26 09:00:00,7985,-852,0,3298,551,0,0,200,476,894,898,647,464,1,263,87,0,96,100,1150,3,35,116.8,73
2017-01-26 10:00:00,9001,-1386,0,3467,1055,0,39,376,492,967,816,606,464,5,364,86,0,108,100,1239,4,101,116.3,73
2017-01-26 11:00:00,8099,-1373,0,3363,169,0,38,294,531,957,791,625,465,7,363,87,0,108,99,1358,5,103,116.1,73
2017-01-26 12:00:00,7737,-2152,0,4149,7,29,39,294,372,973,784,604,464,5,325,87,0,99,99,1203,5,102,116.2,73
2017-01-26 13:00:00,9879,-1540,0,4695,751,0,39,305,441,984,887,687,464,5,303,86,0,99,99,1357,5,102,116.2,73
2017-01-26 14:00:00,9456,-1863,0,5178,19,7,71,334,564,997,848,521,463,5,304,87,0,104,100,1367,5,101,116.5,73
2017-01-26 15:00:00,9970,-1496,0,4752,703,0,76,287,473,982,812,522,464,6,356,85,1,98,99,1249,5,100,115.8,74
2017-01-26 16:00:00,10283,-657,0,4749,495,0,38,112,430,978,720,640,465,6,338,86,1,94,99,1159,4,101,115.9,74
2017-01-26 17:00:00,8623,-202,0,3646,0,0,2,128,350,980,927,804,464,6,215,87,0,137,51,1214,2,52,117.1,73
2017-01-26 18:00:00,7715,15,0,2846,0,0,78,412,434,976,827,816,465,8,0,88,0,152,0,1029,0,9,117.9,73
2017-01-26 19:00:00,7053,0,0,2062,0,50,32,71,536,950,772,789,462,4,0,32,0,173,0,1373,0,32,118.5,73
2017-01-26 20:00:00,6273,0,0,1556,0,78,0,37,481,923,828,645,460,1,0,0,0,155,0,1395,0,0,119.2,73
2017-01-26 21:00:00,5652,0,0,1018,0,0,0,52,512,936,886,738,323,0,0,0,0,119,0,1311,0,0,120.4,72
2017-01-26 22:00:00,5247,0,0,810,0,0,0,49,578,946,906,649,34,1,0,0,0,51,0,1408,0,0,120.7,70
2017-01-26 23:00:00,4913,0,0,691,0,0,0,53,427,950,862,612,33,1,0,0,0,49,0,1416,0,0,121.2,69
2017-01-27 00:00:00,5199,0,0,1128,0,0,0,50,382,952,880,632,33,0,0,0,0,50,0,1349,0,0,121.3,67
2017-01-27 01:00:00,4988,0,0,783,0,0,0,51,487,957,905,591,34,0,0,0,0,49,0,1349,0,0,121.7,67
2017-01-27 02:00:00,5401,0,0,1117,0,0,0,49,538,956,908,574,33,0,0,0,0,50,0,1430,0,0,121.5,67
2017-01-27 03:00:00,4919,0,0,768,0,0,0,52,461,943,846,547,33,0,0,0,0,49,0,1411,0,0,120.8,67
2017-01-27 04:00:00,5285,0,0,1120,0,0,0,51,398,939,916,585,33,0,0,0,0,49,0,1401,0,0,120.6,67
2017-01-27 05:00:00,4926,0,0,773,0,0,0,51,390,932,930,583,33,0,0,0,0,49,0,1391,0,0,120.2,66
2017-01-27 06:00:00,6786,0,0,2172,0,0,0,103,476,907,827,798,371,7,6,0,0,97,0,1275,0,0,118.6,66
2017-01-27 07:00:00,6091,-109,0,1773,0,0,80,43,431,894,764,604,461,9,0,0,0,162,0,1197,0,8,118.0,65
2017-01-27 08:00:00,6246,-389,0,1706,0,55,0,175,476,875,738,560,466,5,0,0,0,167,503,1157,3,36,116.6,64
2017-01-27 09:00:00,5859,-1026,0,2008,1,0,0,190,504,884,794,746,467,3,273,0,0,101,100,1023,3,35,116.6,63
2017-01-27 10:00:00,6133,-1720,0,2331,2,0,38,178,381,977,796,904,465,7,322,0,0,93,98,1119,4,100,115.8,63
2017-01-27 11:00:00,7133,-1671,0,2738,2,19,0,333,423,979,779,943,465,4,341,12,0,90,99,1038,3,113,116.2,63
2017-01-27 12:00:00,7537,-1005,0,2404,0,86,135,281,426,987,821,930,466,5,341,24,0,94,99,1034,3,112,116.3,63
2017-01-27 13:00:00,7802,-1320,0,2944,1,22,77,75,449,1013,1082,818,464,6,319,42,0,94,100,1169,5,105,116.3,62
2017-01-27 14:00:00,7527,-1138,0,2265,1,0,104,68,508,999,965,972,464,4,364,42,0,98,100,1249,5,107,116.3,61
2017-01-27 15:00:00,7914,-587,0,2502,0,7,0,57,486,987,1054,954,465,4,356,42,0,93,99,1030,3,105,116.1,60
2017-01-27 16:00:00,6563,-522,0,1280,0,6,79,30,418,1007,1101,895,462,6,91,42,0,104,100,1052,3,110,116.5,60
2017-01-27 17:00:00,6272,-193,0,1146,0,131,0,64,597,952,966,828,482,0,0,30,0,159,41,1026,1,47,116.9,60
2017-01-27 18:00:00,6394,13,0,1699,0,0,0,70,441,900,830,722,555,0,0,0,0,154,0,1118,0,0,116.8,59
2017-01-27 19:00:00,6562,0,0,1208,0,0,0,34,591,912,1025,716,545,1,292,0,0,148,0,1214,1,0,117.8,60
2017-01-27 20:00:00,6941,0,0,1558,0,0,0,104,620,918,985,813,552,1,0,0,0,153,0,1390,0,0,118.7,60
2017-01-27 21:00:00,5951,0,0,927,0,0,0,62,472,932,871,834,466,1,0,0,0,137,0,1305,0,0,120.3,60
2017-01-27 22:00:00,5585,0,0,1366,0,0,0,51,400,934,924,622,33,1,0,0,0,49,0,1292,0,0,120.4,61
2017-01-27 23:00:00,5306,0,0,1271,0,0,0,53,425,936,865,583,33,0,0,0,0,49,0,1203,0,0,120.8,61
2017-01-28 00:00:00,4652,0,0,733,0,0,0,36,491,694,861,586,33,0,0,0,0,49,0,1191,0,0,121.3,61
2017-01-28 01:00:00,4137,0,0,695,0,0,0,18,448,26,932,602,33,0,0,0,0,49,0,1149,0,0,121.0,60
2017-01-28 02:00:00,4754,0,0,851,0,0,0,58,381,458,932,577,33,0,0,0,0,49,0,1413,0,0,120.9,61
2017-01-28 03:00:00,5073,0,0,1101,0,0,0,56,343,956,841,543,33,0,0,0,0,49,0,1252,0,0,120.9,61
2017-01-28 04:00:00,4898,0,0,750,0,0,0,55,447,948,847,534,33,0,0,0,0,49,0,1261,0,0,121.0,61
2017-01-28 05:00:00,5102,0,0,1110,0,0,0,19,464,936,832,537,33,0,0,0,0,50,0,1198,0,0,120.6,61
2017-01-28 06:00:00,4560,0,0,677,0,0,0,36,353,917,795,536,33,0,0,0,0,49,0,1181,0,0,119.5,60
2017-01-28 07:00:00,4750,-88,0,817,0,0,0,113,317,895,770,531,94,6,0,0,0,56,53,1080,0,5,118.0,59
2017-01-28 08:00:00,5977,-456,0,1012,0,129,0,93,397,873,822,723,456,5,0,0,0,83,497,1354,5,36,115.8,58
2017-01-28 09:00:00,5438,-1154,0,1345,0,0,0,73,483,905,746,715,457,1,239,0,0,104,97,1255,4,36,115.7,55
2017-01-28 10:00:00,4135,-2305,0,400,0,125,0,75,435,985,786,604,445,3,359,0,0,94,97,1047,3,112,115.8,55
2017-01-28 11:00:00,4463,-1339,0,0,0,0,0,81,676,979,957,583,508,2,190,0,0,94,98,894,3,110,116.0,56
2017-01-28 12:00:00,4876,-1213,0,0,0,136,39,96,792,990,951,612,516,4,206,0,0,95,98,977,3,110,116.1,55
2017-01-28 13:00:00,5082,-1346,0,0,0,8,0,96,930,995,1052,750,509,1,363,0,0,95,99,970,3,112,116.5,55
2017-01-28 14:00:00,6113,-988,0,1014,0,255,0,74,660,991,952,689,525,3,140,0,0,88,99,1229,4,107,116.4,55
2017-01-28 15:00:00,5294,-267,0,0,0,0,0,39,668,997,865,646,515,1,0,0,0,91,99,1057,3,106,116.3,55
2017-01-28 16:00:00,5518,-178,0,0,0,25,0,94,626,982,919,720,515,3,0,0,0,92,99,964,3,107,116.0,55
2017-01-28 17:00:00,6592,-143,0,1577,0,53,0,72,590,912,817,784,537,1,0,0,0,129,16,1019,0,15,116.2,54
2017-01-28 18:00:00,6053,-16,0,1394,0,11,0,87,339,895,737,725,553,2,0,0,0,152,0,1151,0,0,117.0,54
2017-01-28 19:00:00,6018,0,0,1261,0,0,0,46,402,901,846,703,550,2,0,0,0,149,0,1112,0,0,117.8,54
2017-01-28 20:00:00,6391,0,0,1506,0,5,0,28,484,907,759,642,553,2,0,0,0,148,0,1378,0,0,118.7,54
2017-01-28 21:00:00,4789,0,0,275,0,0,0,60,545,917,826,564,169,0,0,0,0,70,0,1262,0,0,119.6,55
2017-01-28 22:00:00,4819,0,0,293,0,0,0,62,454,932,904,661,33,0,0,0,0,47,0,1398,0,0,120.3,55
2017-01-28 23:00:00,4934,0,0,531,0,0,0,25,436,937,860,565,33,0,0,0,0,48,0,1402,0,0,120.6,53
2017-01-29 00:00:00,5019,0,0,380,0,0,0,36,494,935,947,640,33,0,0,0,0,48,0,1398,0,0,120.4,51
2017-01-29 01:00:00,5080,0,0,676,0,0,0,61,533,937,896,595,33,0,0,0,0,48,0,1238,0,0,120.6,52
2017-01-29 02:00:00,5056,0,0,663,0,0,0,59,471,933,851,543,33,0,0,0,0,48,0,1408,0,0,120.2,52
2017-01-29 03:00:00,5031,0,0,654,0,0,0,44,388,934,858,591,33,0,0,0,0,48,0,1402,0,0,120.3,51
2017-01-29 04:00:00,4931,0,0,639,0,0,0,22,391,933,821,576,33,0,0,0,0,48,0,1396,0,0,120.3,52
2017-01-29 05:00:00,5195,0,0,714,0,0,0,135,503,925,825,554,33,0,0,0,0,49,0,1383,0,0,119.8,52
2017-01-29 06:00:00,5263,0,0,681,0,0,0,38,492,913,806,767,33,1,0,0,0,50,0,1366,0,0,118.9,52
2017-01-29 07:00:00,4496,-37,0,296,0,0,0,54,384,890,779,594,32,0,0,0,0,50,0,1225,0,0,117.0,52
2017-01-29 08:00:00,4578,-145,0,596,0,0,0,59,351,874,732,515,31,1,0,0,0,49,0,1270,0,0,115.6,53
2017-01-29 09:00:00,5613,-286,0,322,0,0,0,94,509,875,896,567,440,2,97,0,0,94,516,1330,5,37,114.7,54
2017-01-29 10:00:00,6844,-1058,0,2778,1,0,134,287,521,942,724,468,460,10,341,0,0,98,96,993,3,102,114.6,55
2017-01-29 11:00:00,5626,-1029,0,1722,1,0,47,95,433,965,714,605,464,5,357,5,0,89,97,1027,3,105,115.2,58
2017-01-29 12:00:00,5394,-1106,0,1598,1,6,38,122,347,958,799,530,463,7,358,42,0,91,97,927,3,106,115.6,58
2017-01-29 13:00:00,5227,-887,0,1138,0,0,0,257,456,959,721,520,462,5,346,42,0,92,98,996,3,110,116.0,58
2017-01-29 14:00:00,5819,-1557,0,2401,2,0,0,213,428,900,731,497,462,4,339,43,0,97,100,1205,4,39,116.9,58
2017-01-29 15:00:00,5705,-1260,0,2054,2,0,0,243,400,902,738,604,460,8,358,43,0,94,25,1171,3,8,117.9,61
2017-01-29 16:00:00,6990,-762,0,2667,0,0,37,81,576,907,845,677,462,4,353,44,0,101,0,1192,3,0,118.5,62
2017-01-29 17:00:00,6047,-250,0,1065,0,0,41,78,796,898,858,866,317,5,50,11,0,74,0,1241,0,0,117.9,60
2017-01-29 18:00:00,5179,2,0,385,0,0,0,60,718,897,889,745,32,0,0,0,0,50,0,1346,0,0,117.3,60
2017-01-29 19:00:00,5405,0,0,1131,0,0,0,43,539,904,844,566,32,0,0,0,0,50,0,1353,0,0,117.8,61
2017-01-29 20:00:00,4826,0,0,730,0,0,0,36,506,917,813,558,33,0,0,0,0,50,0,1219,0,0,119.0,63
2017-01-29 21:00:00,5114,0,0,782,0,0,0,52,521,929,823,596,33,0,0,0,0,50,0,1391,0,0,119.8,64
2017-01-29 22:00:00,5293,0,0,928,0,0,0,58,555,935,805,563,33,1,0,0,0,49,0,1395,0,0,120.3,64
2017-01-29 23:00:00,5115,0,0,833,0,0,0,60,458,937,1000,539,33,0,0,0,0,48,0,1296,0,0,120.4,64
2017-01-30 00:00:00,4923,0,0,684,0,0,0,58,468,942,886,568,33,0,0,0,0,47,0,1300,0,0,120.8,64
2017-01-30 01:00:00,4801,0,0,633,0,0,0,31,427,937,841,564,33,0,0,0,0,47,0,1297,0,0,120.5,64
2017-01-30 02:00:00,4800,0,0,621,0,0,0,28,561,936,830,556,33,0,0,0,0,47,0,1245,0,0,120.5,64
2017-01-30 03:00:00,5025,0,0,683,0,0,0,59,508,933,839,526,33,0,0,0,0,48,0,1401,0,0,120.3,64
2017-01-30 04:00:00,4846,0,0,651,0,0,0,57,418,932,839,544,33,0,0,0,0,48,0,1393,0,0,120.2,64
2017-01-30 05:00:00,4797,0,0,674,0,0,0,64,411,922,822,611,33,0,0,0,0,48,0,1278,0,0,119.7,64
2017-01-30 06:00:00,5052,0,0,635,0,0,0,100,523,904,789,727,32,0,0,0,0,49,0,1255,0,0,118.1,64
2017-01-30 07:00:00,4764,-86,0,648,0,0,0,61,483,893,765,553,32,1,0,0,0,49,0,1239,0,0,117.3,60
2017-01-30 08:00:00,4342,-264,0,614,0,0,0,40,394,880,757,528,55,2,0,0,0,50,0,1161,0,0,116.2,59
2017-01-30 09:00:00,5844,-1423,0,1977,2,0,0,23,440,886,945,511,460,4,245,1,0,97,361,1254,3,36,115.9,59
2017-01-30 10:00:00,4882,-2513,0,1722,3,0,0,306,462,995,917,556,463,5,356,0,0,109,200,1064,4,107,116.1,59
2017-01-30 11:00:00,5106,-3025,0,2208,6,0,40,371,481,1005,916,706,463,7,326,0,0,104,98,1102,4,109,115.9,59
2017-01-30 12:00:00,5277,-3146,0,2664,8,53,39,378,452,1009,850,671,463,6,337,0,0,105,100,1080,3,110,116.9,59
2017-01-30 13:00:00,5706,-3012,0,2981,8,39,79,317,438,1002,975,757,462,7,316,0,0,102,100,1048,3,110,117.0,59
2017-01-30 14:00:00,5855,-2419,0,2725,4,0,40,266,498,1000,907,714,463,4,358,13,0,101,100,1123,4,118,117.4,59
2017-01-30 15:00:00,6465,-1775,0,2849,3,0,40,126,413,1025,818,662,465,7,346,44,0,94,102,1385,6,123,118.1,59
2017-01-30 16:00:00,7166,-820,0,2630,1,0,40,316,545,1004,798,677,466,5,363,43,0,101,101,1177,5,120,117.9,60
2017-01-30 17:00:00,6327,-170,0,1079,0,0,81,121,628,992,864,694,458,10,368,41,0,96,10,1044,2,125,118.1,59
2017-01-30 18:00:00,5239,6,0,0,0,0,41,79,874,933,938,637,516,4,38,0,0,122,0,969,0,98,118.5,57
2017-01-30 19:00:00,6350,0,0,764,0,0,0,66,851,912,996,638,523,1,0,0,0,161,0,1383,0,68,117.8,56
2017-01-30 20:00:00,5820,0,0,1016,0,0,0,48,624,922,909,604,375,1,0,0,0,122,0,1227,0,46,118.9,55
2017-01-30 21:00:00,5482,0,0,937,0,0,0,25,554,928,1004,563,33,0,0,0,0,50,0,1387,0,0,119.4,54
2017-01-30 22:00:00,5514,0,0,992,0,0,0,48,567,936,919,555,33,1,0,0,0,49,0,1397,0,0,120.2,53
2017-01-30 23:00:00,5113,0,0,674,0,0,0,59,483,937,875,568,33,0,0,0,0,49,0,1397,0,0,120.4,52
2017-01-31 00:00:00,4960,0,0,657,0,0,0,59,429,941,882,551,34,0,0,0,0,48,0,1304,0,0,120.8,52
2017-01-31 01:00:00,5042,0,0,620,0,0,0,29,501,932,880,565,33,0,0,0,0,49,0,1296,0,0,120.3,52
2017-01-31 02:00:00,4823,0,0,529,0,0,0,31,561,930,886,564,33,0,0,0,0,49,0,1141,0,0,120.3,54
2017-01-31 03:00:00,5243,0,0,796,0,0,0,60,523,924,866,534,33,0,0,0,0,49,0,1395,0,0,119.8,54
2017-01-31 04:00:00,5062,0,0,468,0,0,0,61,428,921,872,774,33,1,0,0,0,50,0,1386,0,0,119.7,50
2017-01-31 05:00:00,4831,0,0,467,0,0,0,69,410,907,856,538,33,1,0,0,0,50,0,1361,0,0,118.6,46
2017-01-31 06:00:00,5025,0,0,629,0,0,0,90,504,893,831,570,32,0,0,0,0,51,0,1255,0,0,117.6,55
2017-01-31 07:00:00,4837,-85,0,601,0,0,0,31,515,891,813,503,32,2,0,0,0,51,0,1246,0,0,117.3,48
2017-01-31 08:00:00,4718,-223,0,293,0,0,0,58,552,893,1000,570,195,6,0,0,0,52,0,1099,0,0,117.5,56
2017-01-31 09:00:00,7158,-1434,0,2433,2,0,0,49,551,884,1082,935,452,3,227,36,0,61,560,1361,6,35,116.4,59
2017-01-31 10:00:00,5829,-2448,0,2380,3,0,35,127,444,964,1170,764,464,3,341,45,0,102,99,1148,4,107,116.3
2017-01-31 11:00:00,5730,-2960,0,2362,5,0,0,123,538,983,891,756,466,4,362,43,0,96,100,1280,5,111,117.1,63
2017-01-31 12:00:00,6147,-3063,0,2722,7,6,40,100,470,999,1003,977,466,1,367,43,0,108,101,1194,5,119,117.8,65
2017-01-31 13:00:00,5864,-2937,0,2727,5,28,81,108,450,993,868,766,466,5,352,43,0,97,101,1182,4,119,117.8,63
2017-01-31 14:00:00,6464,-2404,0,2955,4,7,82,125,419,998,1067,830,466,3,363,43,0,93,102,1048,4,124,118.2,66
2017-01-31 15:00:00,6851,-1728,0,3234,3,0,0,124,315,1030,945,613,467,0,160,43,0,97,103,1288,5,124,118.5,67
2017-01-31 16:00:00,6113,-801,0,1908,0,0,0,113,468,1034,1047,557,467,2,0,44,0,95,102,1191,4,126,118.2,64
2017-01-31 17:00:00,6468,-162,0,1859,0,51,0,91,490,963,920,563,461,3,0,43,0,131,28,1180,1,33,118.1,65
2017-01-31 18:00:00,5903,7,0,1218,0,0,0,73,505,919,847,567,461,2,0,43,0,147,0,1179,0,0,118.0,64
2017-01-31 19:00:00,5876,0,0,1471,0,0,0,71,407,916,776,558,462,1,0,1,0,150,0,1183,0,0,118.3,61
2017-01-31 20:00:00,5552,0,0,1022,0,0,0,54,481,925,822,568,463,1,0,0,0,153,0,1131,0,0,119.5,59
2017-01-31 21:00:00,5948,0,0,1154,0,0,0,50,495,930,872,565,463,0,0,0,0,155,0,1330,0,0,120.1,60
2017-01-31 22:00:00,5499,0,0,816,0,0,0,39,515,939,928,594,200,1,0,0,0,117,0,1412,0,0,120.9,60
