,,Daily SiteSage Data, 2018-01-01 15:57:00,Customer: ,Historic Green Village,Location: Bakery (F1)

Column name is Energy Monitor Channel Number-Circuit Name
Channel Columns contain energy usage(production) in kWh for day
Voltage is average voltage for day

 Date,"CH1-Bldg F1","CH3-PV Array F1","CH4-Plug: Front FridgeT","CH5-A/C: WSHP1","CH6-Range","CH8-Plug: Microwave","CH9-Wired: Dishwasher","CH10-Plug: Mixer","CH11-Plug: Fridge in Back","CH12-Plug: Front Display Case","CH13-Plug: Back Middle Freezer","CH14-Plug: Back Freezer near Wall","CH15-Lights: Indoor 1","CH16-DHW Gas Instant","CH17-Plug: Gas Oven","CH18-Plugs: Outlet 1","CH19-Plugs: Outlet 2","CH20-Plugs: Outlet 3","CH21-Plug: Front Small Fridge","CH22-Lights: Bath/Mechanical Room","CH23-Plug: Outdoor Receptacle","CH24-Lights: Outdoor 4",4065/Voltage,Outdoor Temp
2013-01-01,96.007,0.003,,18.770,0.373,0.440,0.089,0.063,6.648,11.618,22.151,12.812,3.575,2.174,0.009,0.001,0.003,1.667,14.109,0.929,1.129,2.708,121.48333,64.9
2013-01-02,126.185,0.011,,29.300,8.473,0.461,0.131,0.184,6.859,10.625,23.806,12.301,5.879,2.209,0.296,0.005,0.007,1.509,20.039,0.975,1.970,5.520,119.28333,66.5
2013-01-03,99.512,0.006,,16.186,5.483,0.873,0.157,0.173,7.547,10.855,23.694,12.978,5.477,1.948,0.347,0.046,0.004,1.593,7.987,1.038,1.772,4.155,119.67500,66.3
2013-01-04,84.079,0.001,,5.609,1.861,0.475,0.125,0.062,7.371,10.021,24.040,13.187,6.188,0.052,0.006,0.135,0.001,1.417,7.629,0.989,1.881,3.483,119.40833,60.5
2013-01-05,99.492,0.005,,17.607,4.993,0.557,0.178,0.069,7.031,10.462,22.224,12.389,5.576,0.080,0.311,2.631,0.008,1.734,9.200,1.101,1.673,3.177,119.61667,64.5
2013-01-06,102.528,0.006,,17.951,5.308,0.452,0.130,0.038,7.032,10.337,23.470,12.760,6.037,0.068,0.009,2.608,0.008,1.929,9.137,1.083,1.827,3.331,119.78750,67.8
2013-01-07,96.837,0.004,,12.165,4.313,0.608,0.090,0.105,7.221,10.260,24.853,13.035,5.974,0.087,0.576,2.622,0.005,1.825,9.145,1.064,1.682,2.996,119.49583,63.6
2013-01-08,113.366,0.009,,27.779,4.288,0.632,0.195,0.217,7.408,10.180,25.776,12.609,5.652,0.093,1.039,0.067,0.008,1.468,11.155,0.961,1.943,2.069,119.26250,69.7
2013-01-09,128.293,0.013,,34.815,7.355,0.467,0.218,0.163,7.099,10.591,25.424,12.466,6.830,0.086,0.459,0.112,0.011,1.479,11.782,1.038,1.965,4.064,119.36250,74.7
2013-01-10,119.621,0.010,,30.709,5.081,0.660,0.199,0.095,7.298,10.367,22.788,12.616,5.530,0.077,0.457,0.005,0.009,1.577,14.045,0.991,1.877,3.593,119.34167,73.2
2013-01-11,128.415,0.012,,33.320,5.331,0.561,0.164,0.234,6.998,10.720,21.789,12.260,6.997,0.084,0.268,0.024,0.010,1.385,20.448,1.082,2.086,4.535,119.17083,72.1
2013-01-12,116.668,0.010,,28.575,6.859,0.414,0.076,0.074,7.086,10.632,22.898,12.489,5.406,0.070,0.010,1.006,0.011,1.459,8.977,2.737,1.721,4.000,119.12917,71.5
2013-01-13,99.021,0.006,,22.423,3.812,0.393,0.079,0.105,6.423,10.204,20.845,12.540,4.196,0.068,0.007,0.910,0.008,1.536,8.491,2.083,0.300,2.083,119.47917,71
2013-01-14,113.622,0.009,,25.924,6.161,0.607,0.152,0.112,7.189,10.388,23.160,12.825,5.636,0.080,0.434,0.002,0.008,1.417,9.834,1.030,1.751,4.031,118.95000,70.5
2013-01-15,110.485,0.009,,24.785,5.685,0.501,0.085,0.072,6.908,10.263,24.098,12.400,6.376,0.066,0.010,0.015,0.007,1.443,9.814,1.065,1.597,4.021,119.28750,69.3
2013-01-16,115.662,0.010,,30.836,5.798,0.605,0.199,0.129,7.135,10.771,24.317,12.303,5.457,0.090,1.065,0.003,0.009,1.550,9.952,1.047,1.693,3.726,118.72500,70.7
2013-01-17,97.104,0.005,,14.492,4.633,0.905,0.166,0.120,7.361,9.924,24.247,13.135,5.583,0.079,0.870,0.168,0.003,1.812,10.684,1.076,1.850,3.802,119.19583,65.5
2013-01-18,92.135,0.002,,5.609,1.635,0.602,0.150,0.046,7.775,10.053,24.045,13.538,5.326,0.074,0.358,1.069,0.003,2.044,14.959,2.743,2.011,3.812,119.00833,55.7
2013-01-19,123.535,0.018,,25.775,4.742,0.410,0.509,0.299,6.667,10.676,25.961,12.607,5.032,6.869,0.675,1.073,0.010,1.498,20.593,2.523,1.608,3.217,119.16250,64.3
2013-01-20,106.956,0.006,,20.198,2.060,0.542,0.056,0.030,6.551,10.598,22.088,12.273,4.384,0.072,0.020,0.006,0.005,1.454,24.571,2.323,1.385,2.837,119.32083,66.3
2013-01-21,111.429,0.010,,20.600,4.758,0.646,0.086,0.044,6.773,10.762,21.524,12.069,4.935,0.071,0.018,0.005,0.009,1.527,25.351,1.065,1.698,3.317,119.36250,65.4
2013-01-22,97.494,0.005,,11.582,6.505,0.734,0.187,0.150,7.373,10.018,23.740,12.791,6.150,4.908,1.048,0.002,0.003,1.529,8.732,1.072,1.839,3.144,119.39167,61
2013-01-23,103.241,0.007,,16.036,7.160,0.790,0.161,0.286,7.815,9.966,26.516,13.070,5.362,2.716,0.532,0.080,0.005,1.557,9.565,0.947,1.853,2.881,119.45833,57.3
2013-01-24,101.669,0.006,,18.165,4.850,0.575,0.135,0.312,7.813,10.446,25.080,13.066,5.703,0.097,1.322,0.020,0.006,1.663,10.875,1.079,1.887,3.159,119.40000,58.1
2013-01-25,111.796,0.009,,19.175,9.580,0.510,0.187,0.168,7.386,10.284,25.272,12.973,6.346,0.092,0.279,0.010,0.010,1.794,13.553,3.143,2.044,3.440,119.31250,61
2013-01-26,106.842,0.009,,21.184,3.487,0.739,0.146,0.049,7.106,10.520,22.290,12.600,5.413,0.076,0.541,0.004,0.006,1.533,16.757,2.474,1.574,2.973,119.28750,62.5
2013-01-27,110.034,0.007,,22.601,3.779,0.443,0.089,0.127,6.875,10.616,22.646,12.549,4.845,0.088,0.353,0.004,0.006,1.800,19.406,1.983,1.557,3.025,119.39583,65.9
2013-01-28,124.340,0.012,,30.837,5.065,0.886,0.243,0.974,7.156,10.642,24.643,12.300,5.228,0.088,1.543,0.038,0.013,1.420,19.704,0.621,1.608,3.666,119.49583,68.5
2013-01-29,105.693,0.007,,27.753,3.307,0.797,0.080,0.749,7.592,11.645,24.712,13.171,5.138,0.081,0.882,0.003,0.010,1.309,8.495,0.662,1.737,3.529,119.44167,69.7
2013-01-30,109.549,0.982,,29.569,5.210,0.817,0.155,0.880,7.480,10.674,25.056,12.528,5.575,0.094,0.518,0.004,0.012,1.350,9.203,0.837,1.836,3.692,119.25833,70.5
2013-01-31,89.801,-9.286,,12.838,4.894,0.872,0.094,1.032,7.655,10.000,23.306,12.993,6.403,0.111,0.686,0.023,0.009,1.650,10.629,1.007,1.903,3.580,119.30833,59.4
2013-02-01,93.077,-9.536,,13.813,6.112,0.816,0.238,0.068,7.632,9.844,24.495,13.126,6.394,0.093,0.627,0.012,0.005,1.556,11.078,2.862,1.839,3.694,118.91667,57.1
2013-02-02,92.607,-9.290,,12.939,7.012,0.853,0.127,0.088,7.475,10.331,22.625,13.171,5.371,0.077,0.011,0.587,0.006,1.500,14.189,1.994,1.723,2.550,119.57083,58.8
2013-02-03,91.027,-8.636,,15.768,3.490,0.823,0.088,0.045,7.046,10.310,22.210,12.961,3.780,0.070,0.009,0.617,0.005,1.659,17.564,1.434,1.015,1.657,119.92083,58
2013-02-04,94.710,-10.218,,16.737,6.931,0.865,0.056,0.920,6.558,9.616,20.914,11.737,4.729,0.072,0.629,0.005,0.005,1.428,20.358,0.997,1.662,3.113,119.22632,56.9
2013-02-05,113.650,-9.126,,24.905,4.309,0.821,0.166,1.102,6.978,10.614,25.325,11.937,6.032,0.107,1.508,0.012,0.010,1.689,22.248,1.036,1.803,3.848,119.06667,61.2
2013-02-06,101.800,-8.110,,22.963,4.699,0.816,0.172,0.819,7.584,11.044,25.460,12.681,5.578,0.085,0.265,0.036,0.008,1.523,8.055,0.994,1.714,3.414,119.49583,66.1
2013-02-07,101.336,-8.385,,26.040,6.004,0.868,0.091,0.725,7.213,11.039,23.999,13.032,5.041,0.083,0.396,0.006,0.009,1.655,9.919,0.972,1.668,2.990,119.63750,68.3
2013-02-08,107.714,-9.693,,29.386,5.927,1.067,0.155,0.997,7.556,10.482,27.456,12.841,6.007,0.091,1.192,0.010,0.010,1.680,11.028,0.860,1.699,3.421,119.75417,66.8
2013-02-09,99.855,-9.689,,21.534,5.777,0.793,0.091,0.837,7.291,11.226,25.577,12.167,6.591,0.084,0.343,0.030,0.007,1.629,12.734,0.980,1.620,2.949,119.70417,65.5
2013-02-10,99.860,-8.466,,23.882,2.865,0.639,0.085,0.034,6.687,10.462,22.076,12.009,5.851,0.071,0.012,0.004,0.008,1.595,14.871,2.549,1.435,2.465,119.92500,69.3
2013-02-11,116.611,-9.209,,30.814,6.590,1.104,0.168,1.044,7.217,10.527,23.463,12.328,6.730,0.090,0.689,0.022,0.010,1.635,18.213,1.207,1.778,3.791,119.22083,69.5
2013-02-12,128.209,-7.405,,36.243,6.549,0.784,0.165,0.942,7.630,10.859,26.574,12.505,5.938,0.115,1.176,0.047,0.013,1.598,21.599,1.124,1.587,4.181,118.98750,71
2013-02-13,115.560,-6.284,,31.788,7.902,1.076,0.221,0.916,7.870,11.092,26.140,12.652,6.212,0.097,0.655,0.013,0.014,1.545,9.592,1.078,1.816,4.075,119.27917,69.4
2013-02-14,107.145,-1.672,,16.113,7.260,0.908,0.157,1.034,7.738,10.496,27.832,13.482,5.874,0.103,0.522,0.118,0.007,1.785,9.459,0.856,1.525,4.107,119.54167,62.3
2013-02-15,96.121,-6.617,,16.073,3.523,0.864,0.131,0.939,7.526,10.581,27.205,13.444,6.502,0.105,1.233,0.004,0.006,1.549,10.842,0.884,1.850,4.382,119.46667,61
2013-02-16,92.145,-6.967,,12.484,4.123,0.913,0.088,0.969,7.468,10.037,25.407,13.552,6.521,0.089,0.294,0.013,0.003,1.587,14.473,1.022,1.537,3.598,119.22083,59.5
2013-02-17,86.588,-11.090,,6.287,5.412,0.726,0.093,0.542,7.356,9.274,23.289,12.580,6.609,0.098,0.873,0.008,0.008,1.989,14.440,2.904,1.550,3.626,118.12500,49.4
2013-02-18,103.380,-10.699,,15.329,8.878,1.134,0.207,1.255,7.613,9.697,23.623,12.395,6.534,0.098,0.974,0.007,0.006,1.522,20.814,1.106,1.871,3.405,118.84167,54.8
2013-02-19,115.717,-10.246,,27.545,8.600,0.759,0.164,1.191,7.119,10.674,24.282,12.699,6.363,0.110,1.040,0.044,0.010,1.598,22.124,1.145,1.500,4.392,118.75000,63.3
2013-02-20,95.531,-7.594,,19.149,5.919,0.766,0.119,0.913,7.868,10.458,24.719,13.017,5.729,0.087,0.367,0.002,0.005,1.536,9.202,1.039,1.624,3.283,119.66667,66.7
2013-02-21,104.518,-9.079,,28.522,5.718,1.077,0.171,0.934,7.669,10.524,23.981,12.604,6.083,0.098,0.546,0.041,0.008,1.889,10.907,1.012,1.528,3.532,119.63750,68.2
2013-02-22,109.480,-15.536,,33.723,6.481,0.835,0.165,0.965,7.774,11.076,24.466,12.233,6.149,0.094,0.420,0.003,0.007,1.578,15.936,1.017,1.286,4.252,119.21250,71.2
2013-02-23,115.554,-15.521,,35.572,4.844,0.734,0.129,1.096,7.059,10.722,23.742,12.542,5.812,0.095,0.937,0.024,0.009,1.870,23.219,1.225,1.481,3.577,119.04583,71.5
2013-02-24,93.686,-14.930,,25.075,6.979,0.745,0.082,0.675,7.389,11.655,23.024,12.713,4.821,0.082,0.009,0.002,0.006,1.855,8.950,2.291,1.262,2.293,119.97083,70.2
2013-02-25,104.529,-14.283,,31.418,6.191,1.122,0.130,0.937,7.336,10.695,22.792,12.397,6.374,0.089,0.467,0.003,0.008,1.405,9.600,1.090,1.355,4.232,118.92083,71.6
2013-02-26,92.917,-8.622,,26.910,6.321,0.809,0.134,0.921,7.389,10.389,5.983,13.550,5.589,0.083,0.853,0.131,0.011,1.263,14.604,0.834,1.381,3.620,119.49583,70.2
2013-02-27,78.301,-18.053,,20.945,6.766,1.094,0.186,0.977,7.449,10.712,0.015,13.500,6.010,0.072,0.743,0.005,0.010,1.329,18.675,0.823,1.561,3.567,120.09583,66
2013-02-28,89.481,-20.072,,22.721,6.309,0.813,0.182,0.821,7.128,10.508,12.267,13.098,5.751,0.072,0.863,0.028,0.006,1.381,21.162,0.753,1.420,2.932,120.00833,65.3
2013-03-01,84.639,-13.601,,9.395,9.017,0.934,0.174,0.913,7.485,9.991,22.706,13.635,6.463,0.095,0.386,0.002,0.002,1.313,9.287,0.878,1.609,4.201,119.48750,59.6
2013-03-02,67.827,-18.149,,5.139,9.373,0.695,0.060,0.826,6.700,9.439,18.874,12.558,5.089,0.064,0.005,0.000,0.001,1.172,7.596,0.701,1.031,3.467,119.12105,55.3
2013-03-03,64.517,-11.985,,1.683,5.334,0.859,0.169,0.090,7.031,9.033,19.564,12.490,6.423,0.079,0.002,0.001,0.001,1.277,0.000,2.966,1.443,4.397,118.15833,50.6
2013-03-04,55.520,-23.348,,4.725,6.317,0.731,0.130,1.117,7.504,9.715,19.738,12.864,5.171,0.073,0.363,0.080,0.001,1.225,0.000,0.812,0.679,2.348,119.45417,53
2013-03-05,74.935,-22.821,,17.484,6.780,1.078,0.126,0.169,7.964,10.056,21.838,12.824,6.097,0.079,0.837,0.059,0.004,1.335,0.001,2.709,1.405,3.147,119.65417,59.4
2013-03-06,78.805,-24.230,,15.264,10.332,1.008,0.346,1.181,8.141,9.988,25.107,13.202,6.679,0.094,1.819,0.080,0.004,1.295,0.000,0.924,1.514,3.050,119.57083,59.5
2013-03-07,66.441,-23.841,,6.942,6.617,1.403,0.226,1.172,7.930,9.259,23.844,13.315,7.131,0.083,1.123,0.060,0.001,1.314,0.001,0.961,1.328,3.855,118.90417,53.9
2013-03-08,74.644,-23.305,,16.121,8.115,0.781,0.124,0.230,7.622,9.864,22.303,12.940,7.758,0.076,0.509,0.047,0.004,1.307,0.000,2.895,1.293,3.134,119.26250,57.1
2013-03-09,80.224,-18.542,,18.591,7.804,1.025,0.134,0.972,7.997,10.321,21.818,13.016,6.477,0.076,1.300,0.047,0.004,1.384,0.001,0.964,1.359,3.631,119.77500,62.3
2013-03-10,73.038,-22.572,,17.647,4.198,1.112,0.133,0.094,8.176,10.735,22.645,12.744,5.967,0.076,0.267,0.052,0.003,1.242,0.001,2.604,1.193,2.734,119.99167,65
2013-03-11,94.132,-20.147,,27.475,9.431,1.391,0.213,1.284,8.876,10.909,23.322,13.254,7.447,0.096,1.712,0.147,0.007,1.335,0.000,0.995,1.234,3.496,119.81667,67.3
2013-03-12,95.598,-11.772,,19.918,11.994,0.887,0.265,0.802,9.358,10.707,23.542,13.069,7.641,0.107,1.525,0.061,0.007,1.362,0.001,0.931,1.052,3.416,119.87917,63.6
2013-03-13,69.968,-24.875,,18.932,5.764,0.680,0.196,0.751,7.759,9.869,20.911,13.092,6.233,0.071,0.917,0.046,0.004,1.358,0.000,0.832,1.066,2.372,119.94167,61.8
2013-03-14,63.176,-25.449,,15.270,4.539,0.695,0.051,1.224,6.945,9.486,20.616,12.498,6.392,0.065,1.188,0.045,0.003,1.677,0.000,0.796,0.000,2.238,119.55833,58.1
2013-03-15,75.401,-24.298,,14.751,7.896,0.836,0.171,1.142,8.169,9.649,22.657,13.264,7.821,0.072,1.649,0.047,0.004,2.514,0.001,0.930,1.372,2.973,119.60833,56.3
2013-03-16,79.405,-24.483,,20.233,10.121,1.225,0.177,1.382,8.074,10.523,22.475,12.563,6.618,0.082,0.373,0.046,0.004,2.427,0.001,0.964,1.343,3.712,119.73333,60.3
2013-03-17,90.574,-14.064,,18.907,10.706,1.193,0.177,1.092,8.268,10.638,24.958,12.917,6.895,0.093,0.797,0.083,0.006,1.977,0.000,0.955,1.249,3.946,119.58750,63.9
2013-03-18,94.549,-6.339,,21.628,6.698,1.150,0.121,0.919,8.325,10.705,23.551,13.173,6.785,0.093,1.455,0.059,0.007,1.633,0.002,0.921,0.809,3.663,119.38333,66.1
2013-03-19,95.258,-21.833,,31.106,10.864,0.893,0.405,1.019,8.308,11.240,23.021,13.237,7.093,0.090,1.865,0.117,0.007,1.628,0.001,0.928,0.973,3.684,118.88333,69
2013-03-20,94.346,-7.123,,20.517,8.473,0.869,0.112,1.144,8.284,10.629,24.588,12.882,6.725,0.095,0.447,0.050,0.008,2.209,0.006,0.908,1.072,4.355,119.04167,65.6
2013-03-21,70.967,-26.308,,12.649,10.544,0.776,0.136,1.337,7.998,10.503,23.608,13.175,6.709,0.083,0.002,0.059,0.003,1.618,0.001,0.774,1.017,3.749,119.70000,59.9
2013-03-22,85.060,-13.414,,18.541,7.693,0.817,0.169,1.267,8.375,10.437,21.681,13.138,6.733,0.096,1.288,0.205,0.009,1.593,0.002,0.938,0.630,3.583,119.37500,63
2013-03-23,99.597,-16.530,,30.508,8.674,1.707,0.291,0.912,8.856,10.902,24.183,13.766,6.412,0.093,1.262,0.177,0.008,1.993,0.000,0.724,1.106,3.781,119.31250,69.8
2013-03-24,91.247,-11.762,,24.956,4.438,0.796,0.135,1.346,8.475,11.458,21.762,13.028,5.782,0.084,0.783,0.000,0.006,1.726,0.000,0.900,1.234,3.815,119.16250,70.9
2013-03-25,70.285,-26.384,,13.681,9.741,0.894,0.175,1.628,8.655,10.182,20.933,13.294,6.112,0.080,1.147,0.066,0.003,1.490,0.000,0.896,1.058,3.281,119.37917,62
2013-03-26,66.576,-25.002,,8.454,7.885,0.790,0.190,1.233,8.469,9.967,23.736,12.873,6.296,0.086,0.856,0.051,0.002,1.559,0.002,0.961,1.195,3.833,119.05417,55.6
2013-03-27,63.049,-27.381,,8.159,7.754,1.068,0.226,1.133,8.356,9.245,23.285,12.519,6.551,0.085,1.293,0.070,0.001,1.650,0.000,0.887,1.341,2.694,118.90000,51.3
2013-03-28,73.459,-26.445,,12.853,7.092,1.014,0.196,0.995,8.021,10.221,25.340,14.005,6.727,0.099,2.413,0.062,0.003,1.656,0.001,0.932,1.012,3.004,119.08333,55.1
2013-03-29,88.685,-25.212,,23.246,8.759,1.052,0.175,1.228,8.569,11.856,25.922,12.965,8.278,0.100,1.951,0.068,0.005,1.811,0.000,0.962,1.136,3.623,119.29167,61.1
2013-03-30,82.168,-25.413,,22.184,8.391,1.492,0.215,1.013,8.823,11.696,23.264,13.044,6.472,0.090,1.120,0.097,0.008,1.585,0.003,0.803,1.170,3.399,119.66667,62.4
2013-03-31,63.924,-23.798,,17.263,3.759,0.707,0.092,0.129,7.805,10.748,21.422,12.702,4.641,0.062,0.296,1.454,0.007,1.459,0.002,0.378,0.000,0.512,119.70833,67.3
2013-04-01,92.610,-24.099,,29.699,8.522,0.954,0.166,1.402,8.017,10.601,20.897,12.741,6.683,0.073,1.757,0.049,0.007,1.545,0.140,0.733,1.163,5.891,118.81250,69.9
2013-04-02,75.707,-25.078,,23.370,2.804,0.943,0.122,1.070,7.610,11.609,19.831,12.790,6.283,0.065,1.254,0.035,0.005,1.804,0.290,0.651,0.000,5.202,118.05000,69
2013-04-03,105.506,-20.260,,34.569,10.527,1.291,0.255,1.266,8.955,11.452,22.296,12.672,7.972,0.083,1.716,0.148,0.009,1.932,0.308,0.713,1.033,4.379,118.70000,70.8
2013-04-04,106.975,-5.462,,24.359,11.156,0.796,0.103,1.067,9.266,10.833,24.491,12.675,7.780,0.093,1.002,0.002,0.014,1.977,0.172,0.648,1.272,3.934,119.10833,68.8
2013-04-05,87.610,-20.551,,21.453,7.040,0.866,0.248,1.335,8.893,11.659,25.220,13.058,7.655,0.094,0.759,0.034,0.005,1.783,0.003,0.727,1.310,4.032,119.40000,67.6
2013-04-06,77.848,-26.665,,20.100,6.938,1.199,0.300,1.266,8.494,10.892,23.644,12.742,7.074,0.093,1.184,0.071,0.003,1.728,0.099,0.609,1.066,3.318,119.40833,64.8
2013-04-07,82.138,-21.477,,22.315,6.415,0.785,0.127,1.355,8.370,11.258,20.359,12.915,5.912,0.072,0.653,0.046,0.005,1.852,0.221,0.607,1.228,3.692,119.35417,70.4
2013-04-08,87.079,-25.520,,28.197,4.851,1.057,0.116,1.091,8.096,10.625,22.217,12.739,5.830,0.063,1.076,0.057,0.006,1.537,0.347,0.630,2.044,3.787,119.34583,72.4
2013-04-09,89.791,-19.527,,28.187,4.885,0.892,0.170,0.840,7.850,10.762,21.484,13.093,5.781,0.068,0.476,0.081,0.007,1.550,0.355,0.608,2.548,3.576,119.09167,73.8
2013-04-10,85.681,-25.165,,29.868,5.761,0.834,0.048,0.947,8.060,10.764,21.025,12.812,5.485,0.062,0.895,0.071,0.006,1.515,0.336,0.570,1.107,3.452,118.97500,74.8
2013-04-11,98.592,-24.790,,35.295,6.575,1.196,0.169,0.806,8.390,10.595,21.058,12.897,5.531,0.060,0.676,0.021,0.009,1.592,0.323,0.550,1.173,3.208,119.10833,76.4
2013-04-12,96.042,-8.211,,27.632,2.571,0.628,0.051,0.916,7.931,11.205,22.467,13.126,5.152,0.066,0.415,0.027,0.008,1.454,0.334,0.590,1.067,3.303,119.13333,74.4
2013-04-13,81.847,-22.271,,27.603,5.477,0.699,0.127,0.755,8.033,10.419,20.395,12.567,4.777,0.063,0.426,0.045,0.005,1.689,0.313,0.577,0.912,3.598,118.86250,73.9
2013-04-14,97.026,-14.821,,31.796,5.835,0.831,0.094,1.029,8.447,11.228,20.720,13.041,5.008,0.065,0.847,0.047,0.009,1.688,0.332,0.532,0.990,3.440,119.77917,74.3
2013-04-15,87.200,-23.702,,32.022,4.317,0.847,0.135,0.954,7.970,11.196,20.574,12.765,5.560,0.062,1.128,0.048,0.008,1.760,0.366,0.568,1.144,3.411,119.62083,76.5
2013-04-16,103.087,-25.332,,41.734,6.080,1.012,0.182,1.059,8.683,11.121,21.929,12.725,5.718,0.060,0.739,0.059,0.010,1.503,0.344,0.541,2.012,3.386,119.42500,78.3
2013-04-17,100.372,-25.141,,35.535,4.891,1.191,0.165,0.866,8.353,10.831,21.636,13.222,6.035,0.064,0.843,0.076,0.009,1.567,0.313,0.565,2.539,4.069,118.92917,78.6
2013-04-18,99.977,-24.665,,42.785,4.442,0.909,0.219,1.165,7.870,10.953,21.068,12.248,5.877,0.063,1.397,0.029,0.010,1.635,0.344,0.737,1.222,3.937,119.15833,77.6
2013-04-19,113.202,-24.199,,46.380,6.619,1.041,0.134,1.242,8.172,11.158,20.812,12.523,8.226,0.071,0.930,0.037,0.012,2.104,0.322,0.988,1.406,5.266,118.76667,77.5
2013-04-20,89.763,-12.849,,25.313,3.594,1.109,0.171,0.956,8.012,10.950,21.794,12.842,6.081,0.077,0.660,0.962,0.009,1.564,0.343,0.676,1.096,3.792,119.07083,73.1
2013-04-21,81.468,-18.658,,23.569,6.124,1.184,0.049,0.969,7.751,10.875,21.362,13.697,5.416,0.067,0.002,0.000,0.005,1.650,0.353,0.620,1.015,3.458,119.32083,72.8
2013-04-22,88.826,-21.291,,27.546,5.888,0.761,0.175,1.057,8.468,10.696,20.887,12.818,5.767,0.064,0.856,0.031,0.006,1.502,0.318,0.613,1.137,4.043,119.25417,74.1
2013-04-23,88.036,-26.096,,31.198,6.788,0.737,0.136,1.073,7.988,10.841,20.552,12.603,5.940,0.064,1.100,0.048,0.007,1.562,0.353,0.593,1.194,3.493,119.65833,75.3
2013-04-24,85.188,-27.415,,28.147,6.748,0.869,0.082,1.083,7.956,11.699,20.985,12.666,5.127,0.058,0.610,0.000,0.005,1.471,0.340,0.569,1.001,3.723,119.41667,72.5
2013-04-25,77.625,-26.933,,31.711,3.328,0.682,0.092,0.994,7.179,10.377,18.194,12.452,5.589,0.058,0.471,0.023,0.005,1.504,0.343,0.607,1.104,3.796,119.49583,74.1
2013-04-26,91.736,-25.805,,34.919,5.788,0.813,0.126,1.036,8.134,10.876,22.125,12.286,7.529,0.064,0.744,0.072,0.007,1.677,0.319,0.653,0.754,4.846,118.95000,74.9
2013-04-27,87.921,-23.885,,31.726,4.610,1.076,0.176,0.667,8.088,10.879,22.527,12.646,5.193,0.060,0.664,0.051,0.006,1.537,0.331,0.597,1.023,3.723,119.24583,76.1
2013-04-28,74.483,-26.484,,26.518,2.151,1.035,0.127,0.869,8.038,11.295,20.339,12.674,4.204,0.053,0.440,0.085,0.004,1.379,0.324,0.503,1.944,2.993,119.27917,75.1
2013-04-29,92.087,-22.831,,33.808,6.812,0.845,0.107,0.847,7.808,11.166,21.168,12.802,5.404,0.056,0.805,0.041,0.007,1.276,0.333,0.596,2.558,3.507,119.32083,76.4
2013-04-30,92.895,-25.485,,37.375,4.907,0.777,0.090,0.988,7.855,11.330,20.667,12.946,5.669,0.057,0.896,0.035,0.009,1.575,0.309,0.597,0.921,3.696,119.06667,76.8
2013-05-01,107.113,-3.783,,28.313,7.043,0.768,0.178,1.151,8.603,10.503,25.342,12.811,6.662,0.088,0.611,0.048,0.009,1.699,0.356,0.615,1.218,4.267,119.26667,69.6
2013-05-02,100.473,-16.308,,37.561,6.402,0.972,0.130,1.278,7.600,10.213,21.216,12.210,6.974,0.073,0.236,0.025,0.010,2.296,0.325,0.617,1.211,4.542,119.11667,71.9
2013-05-03,90.448,-25.397,,38.462,6.337,0.912,0.122,1.200,6.802,10.251,20.582,11.916,6.391,0.068,0.003,0.024,0.009,1.685,0.310,0.616,1.280,4.706,118.86250
2013-05-04,101.091,-21.828,,38.218,9.476,0.989,0.088,1.761,7.335,11.892,20.946,12.009,6.754,0.066,0.004,0.030,0.009,1.783,0.321,0.713,1.279,4.366,118.85417,71.6
2013-05-05,64.120,-29.255,,19.792,5.286,0.714,0.122,1.266,7.279,10.579,19.072,12.522,5.272,0.056,0.002,0.000,0.003,1.810,0.366,0.574,1.114,3.292,119.56250,69.8
2013-05-06,72.934,-27.983,,26.274,2.321,1.053,0.088,0.869,8.100,11.434,20.893,12.758,5.456,0.060,1.069,0.030,0.004,1.586,0.354,0.610,1.147,3.901,119.15417,70.8
2013-05-07,75.292,-28.314,,24.106,6.841,0.706,0.129,0.903,8.200,10.500,21.134,12.896,5.177,0.066,0.850,0.042,0.004,1.558,0.349,0.571,1.047,3.775,119.24167,69.5
2013-05-08,85.127,-27.012,,31.712,6.551,0.778,0.130,1.062,7.966,10.427,21.494,12.426,6.418,0.065,1.520,0.029,0.006,1.635,0.342,0.665,1.204,4.427,119.01250,71.7
2013-05-09,91.533,-28.185,,37.540,4.679,0.799,0.145,0.972,7.980,11.651,24.703,13.167,6.106,0.117,1.471,0.046,0.009,1.682,0.402,0.534,1.312,2.551,122.27917,74.4
2013-05-10,112.069,-27.707,,49.611,6.380,1.122,0.226,1.233,8.333,11.257,22.267,13.337,7.778,0.097,1.168,0.041,0.014,1.890,0.344,0.686,1.529,3.737,121.37500,77
2013-05-11,100.726,-24.891,,44.559,2.878,1.183,0.160,0.895,8.631,12.039,22.188,13.384,5.800,0.090,0.518,0.000,0.010,1.538,0.352,0.547,1.213,3.186,121.15000,77.3
2013-05-12,90.137,-26.305,,38.333,3.083,1.067,0.133,0.814,8.350,11.677,22.148,13.156,4.839,0.066,0.774,0.010,0.009,1.638,0.319,0.468,0.981,2.468,120.65000,76
2013-05-13,91.673,-19.752,,31.906,6.237,0.900,0.085,0.801,8.705,10.897,22.125,13.365,5.351,0.076,0.812,0.041,0.008,1.556,0.332,0.541,1.110,2.671,121.03333,75
2013-05-14,67.345,-29.358,,23.828,5.069,0.826,0.047,0.697,7.277,10.580,19.857,12.566,4.661,0.055,0.002,0.027,0.004,1.688,0.370,0.499,0.986,2.648,119.72917,75.5
2013-05-15,91.269,-28.180,,39.181,6.848,0.822,0.175,0.942,7.918,11.207,20.431,12.373,5.490,0.057,2.019,0.007,0.007,1.588,0.352,0.577,1.152,3.724,119.32917,78.9
2013-05-16,84.992,-28.421,,37.408,3.962,0.892,0.091,1.046,7.783,10.067,19.277,12.189,5.191,0.060,1.417,0.019,0.007,1.394,0.333,0.569,1.115,3.484,119.25833,74.5
2013-05-17,96.796,-27.896,,42.152,9.974,0.945,0.129,1.033,7.142,10.099,21.372,11.781,5.844,0.060,0.003,0.319,0.010,1.738,0.343,0.576,1.106,3.920,119.44167,76.1
2013-05-18,100.455,-27.558,,44.526,7.957,0.769,0.155,0.988,6.556,10.030,18.516,12.144,6.398,0.060,0.003,0.006,0.011,1.829,0.319,0.700,1.222,7.674,118.02083,77.7
2013-05-19,97.835,-25.417,,37.104,10.060,0.888,0.176,1.062,6.884,10.125,19.496,12.256,5.915,0.057,0.003,0.092,0.010,1.857,0.375,0.660,1.957,7.126,118.39583,78.6
2013-05-20,95.675,-26.069,,41.917,2.500,0.756,0.123,0.858,8.134,11.688,19.815,13.507,5.523,0.073,1.351,0.006,0.011,1.599,0.360,0.538,2.541,2.590,119.48750,78
2013-05-21,95.735,-27.143,,40.921,4.371,0.773,0.099,0.967,7.606,11.277,22.423,12.879,5.871,0.069,0.631,0.000,0.010,1.597,0.350,0.571,1.176,3.563,119.95417,76.8
2013-05-22,101.334,-26.170,,42.018,7.041,0.690,0.098,0.954,8.517,11.535,23.631,12.900,5.703,0.077,1.096,0.009,0.010,1.781,0.370,0.525,1.191,2.801,121.16250,77.3
2013-05-23,107.262,-27.192,,44.782,9.361,0.843,0.148,0.948,8.317,11.654,24.278,13.488,5.684,0.078,0.331,0.033,0.013,1.593,0.317,0.504,1.186,2.608,121.50833,78.9
2013-05-24,97.440,-27.183,,43.640,4.016,0.773,0.096,0.920,8.518,11.290,21.204,13.221,5.325,0.080,0.264,0.000,0.012,1.186,0.005,0.507,1.142,2.282,121.07083,80.6
2013-05-25,103.097,-28.045,,43.081,5.600,0.960,0.315,0.945,8.370,12.395,21.802,12.866,5.795,0.063,0.004,0.000,0.013,1.252,0.007,0.537,1.258,2.651,120.21250,82.6
2013-05-26,82.729,-26.230,,31.308,7.124,0.710,0.066,0.823,7.283,10.510,18.584,12.381,5.221,0.053,0.367,0.000,0.006,1.734,0.002,0.624,0.961,3.955,118.53750,78.1
2013-05-27,93.403,-26.536,,37.072,4.466,0.666,0.194,0.956,7.241,11.358,19.857,12.494,6.191,0.057,0.843,1.755,0.013,1.614,0.203,0.699,0.905,4.851,117.97500,78.8
2013-05-28,96.828,-16.492,,36.641,3.397,0.875,0.138,0.821,7.451,11.217,20.187,12.546,5.219,0.060,0.704,0.012,0.010,1.535,0.328,0.582,0.930,3.670,118.82917,77.3
2013-05-29,100.975,-20.013,,39.763,5.998,0.986,0.082,0.993,8.630,10.771,20.677,12.792,5.895,0.062,0.761,0.000,0.010,1.669,0.317,0.658,0.972,3.925,118.78750,78.3
2013-05-30,98.953,-23.673,,43.627,3.790,0.857,0.156,0.845,7.547,11.353,21.487,12.674,5.484,0.058,0.468,0.001,0.010,1.829,0.333,0.592,1.015,3.763,118.57083,79
2013-05-31,106.845,-18.152,,43.693,5.913,0.974,0.161,0.927,7.906,10.727,22.287,12.589,5.323,0.070,1.038,0.000,0.011,1.378,0.304,0.647,0.957,4.135,118.58750,78.5
2013-06-01,93.065,-17.018,,35.064,2.798,0.669,0.051,0.712,7.569,11.554,20.535,12.627,4.994,0.058,0.003,0.008,0.009,1.753,0.326,0.573,0.891,3.332,118.90833,77.6
2013-06-02,90.866,-27.498,,40.630,3.243,0.828,0.045,0.788,7.776,10.679,22.335,12.669,4.729,0.060,0.708,0.000,0.009,1.757,0.345,0.505,0.824,2.817,119.06667,79.3
2013-06-03,90.652,-17.361,,34.991,2.202,0.768,0.006,0.658,7.223,10.898,19.069,12.623,5.064,0.054,0.003,0.000,0.008,1.672,0.304,0.602,0.851,3.754,118.33333,78.9
2013-06-04,107.314,-16.385,,42.098,7.248,0.893,0.154,0.858,8.338,11.419,19.396,12.444,5.267,0.062,0.793,0.027,0.011,1.583,0.266,0.755,0.826,4.997,117.90417,79.1
2013-06-05,108.646,-8.528,,37.155,7.293,0.878,0.166,0.891,8.277,11.464,20.209,12.343,5.424,0.068,0.251,0.019,0.011,1.598,0.292,0.856,0.904,4.804,118.43333,77.3
2013-06-06,96.222,-8.423,,30.312,4.169,0.899,0.166,0.689,7.937,10.651,20.687,12.570,5.113,0.072,0.435,0.001,0.009,2.044,0.320,0.911,0.000,4.074,118.41667,76.1
2013-06-07,101.971,-23.285,,43.246,6.042,0.691,0.082,0.848,7.634,10.960,21.167,12.364,6.665,0.063,0.328,0.021,0.009,2.285,0.290,1.105,0.657,4.555,118.36667,80
2013-06-08,107.727,-19.514,,48.084,4.113,1.107,0.161,0.871,7.790,11.167,20.137,13.090,5.890,0.069,0.885,0.024,0.013,2.449,0.331,0.587,0.660,3.792,118.40833,79
2013-06-09,95.589,-24.724,,42.653,6.408,0.937,0.083,0.756,8.274,11.316,21.104,12.604,4.533,0.059,0.932,0.013,0.010,1.662,0.348,0.514,0.425,2.915,118.79583,78.5
2013-06-10,108.132,-27.434,,52.468,6.427,0.875,0.208,1.001,8.199,11.390,21.097,12.969,5.602,0.060,1.825,0.026,0.014,1.551,0.271,0.607,0.625,3.753,118.32500,81
2013-06-11,100.279,-27.086,,46.446,4.134,0.699,0.090,0.800,7.622,11.026,20.570,12.833,5.708,0.058,0.003,0.009,0.011,1.550,0.221,0.570,0.617,3.486,118.41250,80.8
2013-06-12,92.091,-27.930,,41.793,5.203,1.129,0.140,0.807,7.499,10.715,19.907,12.746,3.967,0.055,0.003,0.016,0.010,1.515,0.342,0.479,0.534,2.485,118.96250,82
2013-06-13,93.234,-28.127,,42.397,3.820,0.712,0.124,0.827,7.201,11.597,20.477,12.376,5.196,0.059,0.003,0.000,0.010,2.014,0.327,0.493,0.564,2.821,119.26667,82.8
2013-06-14,105.247,-24.548,,44.995,8.403,0.739,0.146,0.911,8.192,11.648,20.056,12.942,5.339,0.061,0.005,0.000,0.013,1.869,0.363,0.587,0.493,2.851,119.36667,82.4
2013-06-15,124.659,-23.472,,56.860,8.104,0.728,0.143,0.963,8.349,11.506,25.154,13.595,5.971,0.094,1.009,0.036,0.017,1.573,0.341,0.644,0.556,3.490,120.19583,82.5
2013-06-16,96.954,-26.883,,43.407,3.779,0.926,0.088,0.710,8.425,12.005,23.371,13.531,3.922,0.110,0.004,0.002,0.012,1.694,0.387,0.464,0.337,1.711,122.34167,82
2013-06-17,108.142,-25.601,,47.962,6.206,0.876,0.216,0.723,8.375,11.785,23.392,13.592,4.732,0.097,0.004,0.029,0.014,1.535,0.386,0.542,0.430,1.978,121.95417,83.4
2013-06-18,102.657,-25.470,,45.769,5.342,0.920,0.179,0.088,8.012,11.258,21.884,12.473,4.327,0.062,0.573,0.058,0.013,1.407,0.363,0.499,0.384,2.041,119.45833,84.5
2013-06-19,,,,,,,,,,,,,,,,,,,,,,,120.74167,84
2013-06-20,92.910,-21.734,,38.488,3.402,0.714,0.082,0.724,7.267,11.769,19.119,12.389,5.545,0.060,0.003,0.000,0.008,2.025,0.261,0.614,0.416,4.312,117.41250,83.4
2013-06-21,101.090,-24.979,,46.219,3.936,1.089,0.121,0.797,8.077,11.449,21.723,12.899,5.052,0.063,0.683,0.012,0.012,1.963,0.328,0.556,0.432,3.085,119.27083,81.5
2013-06-22,89.600,-27.486,,37.037,5.918,0.761,0.194,0.770,7.165,10.771,20.639,12.353,4.727,0.054,0.002,0.009,0.008,1.840,0.273,0.611,0.897,4.040,117.02083,81.8
2013-06-23,95.828,-21.536,,37.949,2.847,0.749,0.077,0.861,7.646,11.269,20.374,13.023,5.030,0.064,0.519,1.249,0.014,1.739,0.163,0.585,1.341,4.769,117.08333,79
2013-06-24,93.797,-25.309,,41.128,4.121,0.701,0.080,0.853,7.739,11.542,21.119,12.438,5.658,0.068,0.003,0.000,0.011,1.723,0.258,0.597,0.612,2.369,119.54583,80.8
2013-06-25,101.948,-27.762,,47.910,5.044,0.849,0.138,0.917,8.087,11.179,21.359,12.532,5.654,0.066,1.034,0.008,0.012,1.546,0.327,0.609,0.523,3.144,118.95833,82.1
2013-06-26,99.949,-26.407,,45.200,6.024,0.966,0.138,0.257,7.915,11.978,22.211,12.935,4.985,0.063,0.706,0.028,0.012,1.863,0.218,0.582,0.851,2.570,119.02500,80.1
2013-06-27,104.620,-27.971,,48.189,5.865,0.787,0.176,0.288,8.001,11.646,21.423,12.681,6.590,0.062,0.958,0.027,0.013,1.898,0.338,0.644,1.669,2.483,119.25417,81.8
2013-06-28,111.707,-22.090,,46.911,7.185,0.763,0.252,0.248,8.150,11.624,23.039,12.955,6.668,0.064,0.003,0.000,0.014,1.633,0.376,0.719,0.801,3.383,119.12500,81.9
2013-06-29,104.817,-16.197,,40.465,4.805,0.804,0.007,0.168,7.543,12.029,22.013,13.099,6.437,0.065,0.004,0.000,0.012,1.695,0.349,0.772,0.590,2.943,120.16667,80.8
2013-06-30,105.023,-21.222,,45.660,3.992,0.823,0.215,0.150,8.638,12.217,22.495,12.884,5.344,0.072,1.121,0.150,0.013,1.723,0.327,0.701,0.610,2.570,119.59583,80.5
2013-07-01,124.915,-5.585,,45.539,8.393,1.407,0.191,1.069,8.685,11.642,26.075,13.289,6.070,0.121,1.739,0.071,0.015,1.623,0.318,0.681,0.000,3.499,119.32500,74.8
2013-07-02,97.375,-20.491,,39.671,4.807,0.761,0.222,0.282,8.778,10.747,22.199,12.628,5.353,0.077,1.079,0.025,0.010,1.419,0.332,0.579,0.385,3.320,119.05417,77.3
2013-07-03,117.234,-15.557,,43.835,10.937,0.856,0.081,1.030,7.974,11.460,21.488,12.764,8.684,0.080,0.004,0.000,0.013,2.628,0.305,0.758,0.516,4.839,118.10000,76.9
2013-07-04,111.829,-20.512,,44.533,9.346,0.806,0.201,1.032,8.055,11.833,23.475,12.987,6.085,0.104,1.409,0.029,0.012,1.706,0.322,0.705,0.536,4.174,118.39167,77.3
2013-07-05,97.690,-14.721,,34.165,5.734,0.730,0.138,1.085,7.660,11.154,20.582,12.678,6.131,0.074,0.004,0.000,0.009,2.081,0.317,0.718,0.583,3.875,118.78750,76.4
2013-07-06,94.713,-24.157,,39.842,3.776,1.251,0.096,0.798,7.965,11.740,19.855,12.929,5.294,0.072,0.475,0.000,0.010,1.806,0.340,0.586,0.330,2.714,119.05833,80.3
2013-07-07,104.935,-21.735,,44.850,4.940,0.894,0.126,0.795,7.669,11.090,22.264,12.661,5.397,0.059,0.832,0.000,0.010,2.037,0.310,0.676,0.429,3.489,118.13750,82.9
2013-07-08,102.230,-27.235,,44.936,8.067,0.864,0.140,0.851,8.828,11.351,21.095,13.240,4.828,0.064,0.667,0.030,0.012,1.438,0.345,0.555,0.448,2.602,119.16250,81.6
2013-07-09,93.179,-28.040,,40.604,2.321,0.743,0.165,0.774,7.816,11.666,22.261,13.363,5.507,0.064,0.003,0.007,0.010,1.991,0.351,0.613,0.502,2.713,119.15417,81.9
2013-07-10,90.461,-28.191,,40.397,2.197,0.721,0.096,0.654,7.770,11.296,21.820,13.026,5.183,0.062,0.391,0.018,0.010,1.833,0.347,0.606,0.425,2.876,118.92917,80.1
2013-07-11,95.121,-19.880,,35.076,1.943,0.735,0.045,0.370,6.999,11.939,19.968,12.758,4.619,0.060,0.003,0.000,0.009,1.902,0.252,0.601,0.355,4.321,117.30000,79.3
2013-07-12,109.660,-19.034,,42.358,6.792,0.728,0.129,0.844,7.460,11.159,21.296,12.717,5.792,0.085,0.320,0.000,0.012,2.079,0.259,0.704,0.425,3.242,118.05417,80.8
2013-07-13,108.396,-18.625,,41.276,8.689,1.305,0.116,0.221,7.848,11.457,20.398,12.858,6.276,0.064,0.005,0.000,0.012,2.168,0.269,0.660,0.496,1.232,118.06250,77.9
2013-07-14,102.953,-19.903,,41.749,4.908,0.801,0.126,0.960,7.923,11.523,21.253,13.378,5.386,0.066,0.872,0.028,0.010,1.952,0.274,0.619,0.442,0.929,117.96667,78.4
2013-07-15,100.580,-22.444,,41.608,3.693,0.728,0.095,0.803,7.998,11.205,23.513,12.819,6.266,0.071,0.762,0.006,0.008,2.105,0.249,0.687,0.494,1.181,119.43750,78.9
2013-07-16,102.918,-21.806,,39.400,5.709,0.723,0.087,1.029,8.241,11.440,23.021,12.464,6.285,0.073,0.750,0.000,0.009,2.171,0.135,0.649,0.465,1.147,117.97500,76.5
2013-07-17,107.476,-20.941,,38.822,7.232,0.664,0.121,0.843,7.446,11.367,22.604,12.759,6.154,0.067,0.509,0.363,0.012,1.830,0.287,0.651,0.410,1.042,118.01667,77.3
2013-07-18,100.274,-15.615,,33.254,5.563,0.699,0.126,0.791,8.129,11.644,20.510,12.804,5.923,0.067,0.004,0.000,0.010,2.121,0.290,0.626,0.427,1.054,118.45833,76.9
2013-07-19,94.494,-19.147,,35.583,3.444,0.759,0.050,0.741,7.645,11.219,21.418,13.229,6.099,0.073,0.004,0.000,0.008,2.084,0.295,0.580,0.450,0.991,119.28750,77.1
2013-07-20,112.068,-20.134,,47.745,6.638,0.799,0.140,0.891,8.268,11.662,23.179,13.103,5.701,0.079,1.714,0.000,0.011,1.994,0.286,0.660,0.467,0.783,118.94583,80.6
2013-07-21,102.174,-26.783,,47.698,4.431,0.754,0.096,0.754,8.402,11.407,23.244,12.808,4.587,0.071,1.233,0.006,0.009,1.797,0.277,0.555,0.419,0.918,119.81667,82.4
2013-07-22,108.806,-26.716,,49.150,9.181,1.262,0.120,0.838,8.414,12.051,21.166,12.956,5.893,0.082,0.004,0.000,0.012,1.904,0.288,0.654,0.496,1.091,119.62500,82.8
2013-07-23,100.874,-22.875,,43.643,1.794,0.867,0.048,0.132,7.868,11.693,20.996,12.931,7.868,0.083,0.004,0.000,0.010,2.270,0.281,0.713,0.469,1.311,120.79583,83.1
2013-07-24,118.794,-24.863,,53.768,8.210,0.815,0.229,1.089,7.975,11.593,24.825,12.701,6.242,0.082,1.452,0.037,0.012,1.501,0.277,0.625,0.516,1.122,118.77083,83.8
2013-07-25,110.711,-19.101,,45.304,3.359,0.815,0.097,0.986,8.256,11.465,24.290,12.683,7.472,0.086,0.002,0.000,0.011,2.455,0.273,0.733,0.448,1.008,118.97917,83.4
2013-07-26,104.903,-24.732,,45.115,4.248,0.729,0.095,0.782,7.676,12.185,23.785,12.880,5.592,0.072,0.003,0.000,0.010,1.828,0.280,0.604,0.457,1.097,118.51667,82.5
2013-07-27,119.148,-25.955,,53.875,7.703,0.898,0.226,0.996,8.374,11.310,23.514,13.318,6.658,0.078,1.480,0.013,0.013,1.901,0.281,0.696,0.533,1.138,119.12917,83.6
2013-07-28,100.219,-20.619,,39.301,4.887,0.872,0.099,0.725,7.795,11.717,21.187,13.133,5.596,0.066,0.004,0.028,0.009,1.739,0.292,0.629,0.507,1.001,119.14583,82.3
2013-07-29,107.465,-27.140,,49.234,6.799,1.240,0.196,0.975,8.416,11.588,21.599,12.868,5.485,0.068,1.379,0.027,0.010,1.451,0.291,0.649,0.486,1.086,118.97917,81.5
2013-07-30,109.014,-26.556,,48.055,4.631,0.702,0.135,0.202,8.507,11.754,26.158,12.767,6.313,0.075,0.002,0.000,0.009,2.119,0.299,0.673,0.382,1.144,119.91250,81.9
2013-07-31,85.270,-25.306,,35.781,2.345,0.735,0.046,0.039,7.242,11.634,21.348,12.646,3.817,0.056,0.003,0.000,0.008,1.539,0.292,0.459,0.243,0.608,118.39167,80.4
2013-08-01,117.108,-22.533,,55.612,3.348,0.820,0.179,0.903,7.792,11.690,23.845,12.664,6.306,0.066,1.718,0.044,0.013,1.629,0.278,0.641,0.432,1.060,118.65417,82.4
2013-08-02,96.189,-26.304,,42.944,2.759,0.737,0.053,0.753,7.228,12.050,20.748,12.663,5.398,0.069,0.003,0.000,0.009,1.602,0.279,0.651,0.454,1.093,118.93333,82.9
2013-08-03,107.594,-24.047,,47.391,4.626,1.273,0.099,0.863,7.858,11.201,23.077,13.205,5.660,0.077,0.427,0.005,0.015,1.955,0.033,0.600,0.459,1.030,119.74167,84
2013-08-04,112.878,-17.886,,47.855,5.187,0.781,0.147,0.822,7.832,11.176,21.685,12.900,6.487,0.075,0.008,0.675,0.015,2.090,0.007,0.639,0.420,0.895,119.27917,83.6
2013-08-05,109.789,-24.734,,50.874,5.092,0.754,0.094,0.830,7.963,11.304,21.580,12.544,6.166,0.082,0.489,0.000,0.011,2.038,0.182,0.656,0.528,1.084,118.32083,85.3
2013-08-06,115.292,-19.836,,49.675,7.283,0.711,0.135,0.158,8.035,12.069,20.940,13.027,6.216,0.077,0.004,0.019,0.013,1.974,0.277,0.649,0.473,1.142,118.62917,83.8
2013-08-07,114.621,-20.231,,49.327,5.729,0.901,0.215,0.086,7.706,12.143,24.457,12.855,6.334,0.097,0.003,0.028,0.012,2.139,0.282,0.744,0.473,1.110,119.20000,80.8
2013-08-08,110.036,-24.710,,50.738,2.879,0.747,0.099,0.923,7.812,12.169,23.917,12.728,6.023,0.070,2.169,0.033,0.010,1.486,0.278,0.649,0.564,1.226,119.27917,80.8
2013-08-09,120.432,-17.013,,46.478,8.998,1.029,0.218,1.106,9.053,12.047,26.720,13.566,6.205,0.079,0.835,0.031,0.011,1.489,0.263,0.659,0.477,1.204,120.73750,78.6
2013-08-10,105.491,-23.811,,43.513,7.568,1.029,0.154,0.067,8.328,12.451,22.181,13.284,6.069,0.067,0.003,0.000,0.010,1.945,0.283,0.654,0.483,1.056,120.22917,78.1
2013-08-11,111.132,-25.400,,49.682,7.353,0.917,0.144,0.174,8.587,11.759,21.287,13.162,6.354,0.069,0.317,0.090,0.011,1.920,0.291,0.636,0.528,1.136,120.24167,82.6
2013-08-12,115.161,-25.278,,51.019,7.070,0.735,0.090,0.073,8.475,12.474,24.870,13.430,6.279,0.088,0.004,0.000,0.012,2.238,0.300,0.660,0.498,1.119,121.76250,83.8
2013-08-13,108.751,-25.594,,49.894,4.069,0.826,0.139,0.158,8.121,12.022,23.335,13.649,5.843,0.079,0.958,0.061,0.011,1.487,0.302,0.574,0.488,1.021,121.91667,84.4
2013-08-14,72.548,-23.206,,28.044,0.160,0.665,0.008,0.058,7.520,11.503,21.644,13.328,0.876,0.064,0.002,0.000,0.006,1.322,0.321,0.300,0.000,0.000,122.34583,84.8
2013-08-15,113.820,-16.215,,44.039,4.439,0.740,0.100,0.705,7.948,12.316,27.443,13.714,6.006,0.089,0.003,0.002,0.011,1.932,0.301,0.700,0.450,0.992,122.92917,81.3
2013-08-16,113.408,-14.310,,43.999,5.909,0.681,0.100,0.180,8.390,12.089,24.537,13.515,5.582,0.095,0.004,0.000,0.011,1.857,0.233,0.674,0.317,1.024,122.62083,83.3
2013-08-17,115.264,-25.102,,50.837,7.923,1.206,0.193,0.267,8.275,12.759,24.356,13.217,6.279,0.101,0.004,0.029,0.012,2.017,0.299,0.683,0.341,1.109,122.33333,81.3
2013-08-18,119.016,-16.930,,49.354,4.555,0.766,0.099,0.299,9.225,12.319,26.994,14.288,4.967,0.078,2.612,0.061,0.013,1.751,0.295,0.567,0.317,0.968,122.49167,79.6
2013-08-19,112.251,-19.599,,49.319,3.609,0.788,0.234,0.646,8.955,12.220,25.561,13.971,5.139,0.072,1.259,0.084,0.011,1.551,0.283,0.573,0.320,0.906,121.40417,78
2013-08-20,90.413,-17.727,,34.453,1.010,0.694,0.007,0.018,7.219,11.618,21.116,12.889,5.273,0.061,0.003,0.000,0.008,1.781,0.271,0.649,0.296,0.960,119.13333,77.9
2013-08-21,112.233,-16.108,,43.968,4.563,0.727,0.100,0.826,7.975,11.359,25.276,14.155,5.400,0.069,0.002,0.011,0.012,2.168,0.297,0.605,0.306,1.036,120.82500,79.3
2013-08-22,104.537,-13.851,,39.743,4.357,0.699,0.100,0.752,8.231,11.157,22.968,13.339,4.914,0.066,0.395,0.000,0.009,1.777,0.281,0.588,0.463,0.898,120.94583,78.1
2013-08-23,98.418,-19.675,,39.276,2.504,0.773,0.097,0.175,7.700,11.155,24.549,13.134,4.976,0.077,0.002,0.000,0.008,2.053,0.282,0.584,0.284,0.921,119.88333,78.5
2013-08-24,97.162,-21.316,,39.374,2.904,0.878,0.052,0.114,7.693,11.610,23.845,12.848,5.246,0.061,0.002,0.002,0.008,1.749,0.293,0.590,0.312,1.021,120.41250,79.6
2013-08-25,92.433,-13.551,,33.250,1.976,0.737,0.046,0.619,7.133,11.295,19.786,12.538,4.704,0.054,0.004,0.000,0.008,1.706,0.284,0.580,0.279,0.901,118.30417,78.6
2013-08-26,101.445,-21.139,,42.591,4.689,0.810,0.182,0.173,8.231,11.023,22.730,12.735,5.515,0.070,0.602,0.000,0.009,1.838,0.286,0.580,0.317,1.027,119.21250,79.5
2013-08-27,96.913,-18.132,,35.478,5.507,0.793,0.096,0.832,7.743,11.108,20.831,12.557,5.912,0.065,0.003,0.003,0.008,1.891,0.204,0.639,0.303,1.157,119.35000,77.5
2013-08-28,95.974,-24.117,,39.931,1.574,0.717,0.095,0.139,8.331,12.452,24.745,13.009,5.010,0.058,1.687,0.011,0.007,1.735,0.002,0.516,0.316,0.951,120.07917,77.4
2013-08-29,101.823,-24.299,,40.421,4.832,0.791,0.146,0.823,8.179,11.352,26.008,13.365,6.333,0.079,0.002,0.000,0.008,2.107,0.036,0.622,0.312,1.013,121.67083,80
2013-08-30,96.503,-21.989,,39.138,3.777,0.722,0.007,0.109,7.801,11.621,21.701,12.968,4.936,0.067,0.003,0.000,0.008,1.858,0.173,0.603,0.316,0.972,120.60417,81.3
2013-08-31,99.950,-22.851,,40.706,4.266,0.969,0.179,0.701,7.748,12.779,22.446,13.221,5.314,0.070,0.004,0.076,0.009,1.779,0.277,0.676,0.345,1.102,120.59583,81.4
2013-09-01,97.977,-25.394,,41.771,5.470,0.760,0.051,0.091,7.889,11.676,20.403,12.953,5.418,0.056,0.003,0.000,0.009,1.872,0.273,0.610,0.340,1.024,118.73750,81.3
2013-09-02,107.026,-21.537,,46.339,5.299,0.708,0.169,0.738,7.770,11.439,21.110,13.417,5.488,0.063,0.650,0.015,0.011,1.956,0.112,0.610,0.200,1.031,119.76250,81.1
2013-09-03,100.024,-21.115,,41.525,3.699,0.736,0.092,0.107,7.585,11.607,22.074,12.801,5.423,0.076,0.003,0.000,0.010,1.921,0.148,0.640,0.151,1.066,120.25833,83.1
2013-09-04,105.333,-17.726,,41.423,3.708,0.695,0.100,0.793,7.697,11.152,24.761,12.651,6.434,0.068,0.003,0.008,0.009,1.801,0.281,0.923,0.113,0.938,120.30000,79.4
2013-09-05,107.329,-22.704,,49.682,3.130,0.779,0.099,0.559,7.692,11.769,22.609,13.186,5.777,0.068,1.308,0.018,0.010,1.462,0.195,0.275,0.156,1.129,120.77083,80.3
2013-09-06,103.440,-24.046,,46.486,2.513,0.764,0.130,0.737,7.748,11.279,22.555,12.879,6.401,0.070,0.003,0.000,0.010,2.050,0.003,0.541,0.150,1.105,119.81250,79.9
2013-09-07,93.487,-23.396,,38.270,3.447,0.737,0.048,0.134,7.644,12.433,20.214,12.735,5.892,0.056,0.003,0.000,0.008,1.786,0.001,0.643,0.146,1.022,119.07083,78.9
2013-09-08,99.408,-23.230,,41.237,6.345,0.910,0.189,0.218,7.938,11.196,20.935,13.174,4.872,0.056,0.745,0.034,0.009,1.651,0.149,0.557,0.137,0.784,119.14583,80.9
2013-09-09,109.466,-24.108,,50.208,3.732,1.260,0.189,0.206,8.874,11.378,24.159,13.050,4.930,0.063,1.826,0.035,0.010,1.387,0.279,0.535,0.000,0.559,119.32917,82.6
2013-09-10,97.244,-20.328,,39.925,3.244,0.697,0.051,0.130,7.824,11.026,20.446,12.997,5.077,0.056,0.003,0.000,0.009,1.798,0.277,0.621,0.000,0.604,119.51250,82.9
2013-09-11,103.832,-21.603,,42.758,5.630,0.686,0.191,0.653,8.095,11.282,22.203,13.119,5.089,0.059,0.665,0.122,0.010,1.465,0.261,0.526,0.000,0.924,120.49167,81.1
2013-09-12,110.785,-19.511,,47.431,3.669,0.743,0.062,0.326,8.108,11.579,25.129,13.525,5.617,0.061,1.879,0.000,0.010,1.476,0.260,0.623,0.158,1.068,120.40000,80.5
2013-09-13,95.752,-23.563,,39.098,4.507,0.796,0.142,0.055,8.214,11.775,21.965,13.433,5.112,0.063,0.003,0.000,0.008,1.807,0.276,0.634,0.126,0.988,121.14583,80.8
2013-09-14,93.383,-23.078,,38.004,2.610,0.720,0.042,0.054,7.521,12.288,21.812,12.800,4.750,0.058,0.004,0.000,0.008,1.723,0.285,0.608,0.136,0.965,121.21667,82.4
2013-09-15,98.565,-17.166,,38.762,2.573,0.821,0.096,0.111,8.005,12.172,21.266,13.034,4.421,0.056,0.307,0.000,0.009,1.684,0.186,0.535,0.128,0.824,120.17500,78.1
2013-09-16,102.699,-17.873,,41.623,3.909,0.897,0.122,0.575,8.078,11.132,22.243,13.039,5.296,0.055,1.089,0.000,0.009,2.068,0.127,0.608,0.135,0.976,119.15833,77.3
2013-09-17,95.828,-19.611,,36.684,4.050,0.868,0.091,0.697,7.655,11.801,21.858,13.314,4.990,0.055,0.003,0.031,0.008,1.882,0.268,0.567,0.145,0.968,119.13333,77.1
2013-09-18,84.625,-20.323,,33.415,2.265,0.655,0.007,0.017,7.053,11.275,20.309,13.006,4.657,0.052,0.003,0.000,0.007,1.709,0.281,0.587,0.143,0.603,119.32083,77.4
2013-09-19,102.273,-21.160,,47.651,3.567,0.627,0.091,0.118,7.709,10.881,20.985,12.449,4.922,0.056,1.379,0.023,0.009,1.438,0.268,0.617,0.151,0.973,119.09167,79.5
2013-09-20,99.365,-22.559,,39.871,5.784,0.703,0.133,0.714,7.861,11.039,23.675,12.887,5.385,0.063,0.003,0.015,0.008,1.660,0.290,0.601,0.132,0.631,119.69167,79.9
2013-09-21,97.782,-22.841,,37.951,5.252,1.111,0.090,0.641,7.577,11.795,22.118,12.861,6.414,0.058,0.003,0.000,0.008,2.087,0.283,0.636,0.182,1.199,119.66250,79.8
2013-09-22,96.624,-18.821,,40.804,0.662,0.677,0.052,0.174,7.596,11.559,22.023,12.715,4.937,0.058,0.370,0.000,0.008,1.682,0.155,0.527,0.133,0.684,119.85417,82
2013-09-23,117.708,-6.999,,42.856,9.025,0.653,0.201,1.178,7.902,10.570,22.809,12.479,6.079,0.069,0.004,0.000,0.013,2.125,0.266,0.568,0.149,1.013,119.06667,77.6
2013-09-24,100.540,-1.982,,31.772,2.461,0.644,0.049,2.005,7.088,10.275,18.551,12.363,5.695,0.067,0.005,0.529,0.011,1.846,0.272,0.692,0.122,0.969,118.97917,75.6
2013-09-25,92.228,-3.387,,26.066,2.050,1.117,0.081,0.763,7.844,10.793,19.560,12.630,4.091,0.063,0.393,0.000,0.008,1.712,0.260,0.490,0.112,0.840,119.15417,75.1
2013-09-26,110.593,-19.560,,49.987,3.814,0.857,0.147,0.242,8.014,11.412,23.353,13.180,5.038,0.085,1.170,0.030,0.012,1.437,0.279,0.767,0.159,0.980,120.43750,81.5
2013-09-27,88.324,-21.247,,30.505,3.389,0.729,0.104,0.664,8.327,11.804,23.134,13.862,4.496,0.066,0.002,0.011,0.006,1.959,0.285,0.804,0.136,0.548,121.85000,77.8
2013-09-28,91.123,-20.959,,34.523,2.938,0.742,0.056,0.050,8.467,12.796,21.902,13.791,5.123,0.062,0.003,0.000,0.008,1.923,0.268,0.613,0.152,0.649,122.70417,78.4
2013-09-29,92.174,-22.320,,35.270,4.511,0.679,0.102,0.249,8.699,12.235,23.952,13.363,3.910,0.070,0.727,0.000,0.007,1.438,0.269,0.544,0.119,0.725,123.02917,78.9
2013-09-30,93.632,-21.188,,36.351,2.918,0.767,0.091,0.615,8.273,11.280,23.926,13.503,4.810,0.076,0.550,0.015,0.007,1.421,0.254,0.600,0.146,0.942,121.76250,79.4
2013-10-01,93.610,-21.134,,38.248,4.151,0.785,0.096,0.099,7.914,11.346,19.844,12.675,5.542,0.057,0.012,0.005,0.010,1.822,0.178,0.645,0.152,1.024,119.77500,80
2013-10-02,116.760,-18.939,,50.196,5.977,0.809,0.189,0.891,8.178,11.277,23.748,13.339,5.876,0.057,2.483,0.045,0.013,1.468,0.097,0.553,0.356,1.068,118.12500,79.8
2013-10-03,93.912,-18.897,,35.332,4.600,0.649,0.049,0.235,7.569,11.148,21.232,12.635,5.187,0.060,0.003,0.000,0.008,1.823,0.282,0.606,0.143,0.928,118.43333,80
2013-10-04,95.769,-18.249,,36.704,3.198,1.044,0.094,0.128,8.005,11.257,22.709,13.038,5.210,0.059,0.003,0.026,0.008,1.852,0.283,0.580,0.109,0.707,118.93750,80.8
2013-10-05,99.374,-17.160,,36.587,4.175,0.668,0.117,0.175,7.562,11.304,21.907,12.858,7.506,0.066,0.004,0.000,0.009,2.152,0.286,0.628,0.196,1.065,120.19583,79.9
2013-10-06,104.664,-21.159,,41.591,5.807,0.718,0.097,0.127,8.213,12.201,22.349,13.567,7.299,0.068,0.471,0.000,0.011,2.048,0.277,0.694,0.151,1.016,120.53333,80.3
2013-10-07,119.977,-15.621,,49.811,6.281,0.751,0.167,0.696,8.655,11.987,22.724,13.326,6.469,0.071,2.453,0.022,0.013,1.581,0.256,0.668,0.175,1.039,118.59583,79.5
2013-10-08,101.001,-17.671,,38.929,6.897,0.719,0.075,1.001,7.455,11.056,19.682,12.409,6.390,0.070,0.004,0.000,0.010,2.103,0.268,0.666,0.163,1.124,118.17917,81
2013-10-09,104.442,-7.222,,30.173,6.573,1.073,0.131,0.862,7.706,11.470,23.716,12.878,6.048,0.072,0.003,0.127,0.009,2.085,0.271,0.702,0.179,1.142,118.80000,74.9
2013-10-10,89.918,-20.948,,32.746,3.580,0.632,0.168,0.214,8.370,12.364,22.091,12.852,5.647,0.066,0.830,0.013,0.006,1.450,0.278,0.629,0.173,1.100,119.16667,75
2013-10-11,91.578,-20.533,,35.242,2.133,0.686,0.117,0.298,7.348,11.722,21.475,12.340,7.715,0.063,0.002,0.012,0.008,1.998,0.284,0.760,0.138,1.046,119.20417,76.5
2013-10-12,80.065,-20.533,,27.838,2.371,0.765,0.040,0.038,7.278,11.313,20.147,12.882,5.973,0.053,0.003,0.000,0.006,1.422,0.284,0.580,0.159,1.188,119.98750,76.5
2013-10-13,96.288,-20.102,,33.934,7.321,0.775,0.097,0.932,7.913,12.106,23.187,13.080,5.441,0.060,0.797,0.000,0.007,1.728,0.266,0.643,0.000,0.953,121.19167,75.8
2013-10-14,98.874,-20.400,,36.432,8.214,0.789,0.147,1.156,8.214,11.379,21.867,12.786,6.302,0.064,0.623,0.036,0.008,1.620,0.273,0.713,0.165,1.170,120.62083,76.1
2013-10-15,91.298,-18.208,,31.782,3.915,0.762,0.094,0.640,7.692,11.679,20.827,12.857,6.528,0.070,0.003,0.000,0.007,2.188,0.271,0.702,0.146,0.921,119.09167,75.1
2013-10-16,97.041,-17.768,,34.779,2.310,1.121,0.149,1.029,8.821,11.725,22.532,13.247,5.618,0.073,1.116,0.013,0.007,1.700,0.288,0.670,0.160,1.059,121.31667,75.4
2013-10-17,125.985,-19.074,,48.759,10.505,0.789,0.222,1.001,9.170,12.454,28.745,14.163,6.387,0.085,2.386,0.038,0.013,1.524,0.244,0.684,0.180,1.239,121.90000,76.9
2013-10-18,115.492,-19.025,,43.155,6.884,0.848,0.142,0.596,8.078,12.254,28.288,13.610,5.885,0.066,0.003,0.031,0.010,1.942,0.273,0.639,0.190,1.185,121.21667,78.6
2013-10-19,126.464,-15.578,,48.569,5.516,0.703,0.281,1.124,8.381,12.389,23.734,12.872,6.889,0.071,0.006,1.471,0.016,1.504,0.259,0.685,0.400,1.259,120.76250,78.6
2013-10-20,95.989,-17.734,,36.879,2.320,0.750,0.053,0.084,7.656,11.683,23.055,12.896,3.798,0.062,1.297,0.000,0.008,1.370,0.284,0.532,0.000,0.635,121.61250,79.6
2013-10-21,113.052,-17.200,,45.945,3.791,0.755,0.186,0.268,9.100,11.903,25.103,13.367,5.580,0.076,2.166,0.030,0.011,1.339,0.288,0.699,0.186,1.101,121.90417,79.3
2013-10-22,106.932,-17.576,,39.353,7.880,0.806,0.050,0.228,8.581,12.328,24.797,13.537,4.924,0.065,0.003,0.013,0.010,1.502,0.280,0.608,0.147,1.005,121.47500,77.9
2013-10-23,93.234,-13.032,,29.393,5.911,0.719,0.125,0.754,8.255,11.719,20.837,13.173,5.567,0.068,0.427,0.057,0.008,1.462,0.287,0.598,0.162,1.028,119.20000,75.9
2013-10-24,91.558,-9.926,,20.169,6.740,0.744,0.211,1.027,8.445,11.863,26.967,13.230,5.511,0.089,0.412,0.025,0.005,1.395,0.302,0.617,0.168,0.846,119.84583,68.6
2013-10-25,78.342,-19.612,,21.913,2.565,0.685,0.049,0.873,7.864,11.788,22.678,13.385,5.898,0.059,0.002,0.008,0.004,1.782,0.300,0.612,0.167,1.118,119.80417,70.8
2013-10-26,71.134,-18.459,,17.755,0.806,0.809,0.108,0.891,7.485,11.613,21.181,13.206,5.250,0.054,0.003,0.000,0.003,1.752,0.299,0.601,0.160,1.078,119.86250,69.1
2013-10-27,76.414,-19.292,,20.733,6.219,0.658,0.099,0.850,7.710,11.172,21.332,13.324,4.434,0.054,0.305,0.000,0.004,1.338,0.299,0.529,0.122,0.781,119.84583,69.4
2013-10-28,82.512,-18.753,,23.065,3.746,0.712,0.086,0.862,8.108,11.079,24.539,13.226,5.601,0.062,0.002,0.011,0.005,1.724,0.294,0.609,0.163,1.085,119.46250,71.8
2013-10-29,90.368,-18.496,,28.193,6.460,0.725,0.130,0.454,7.662,11.961,21.579,12.685,6.480,0.061,0.003,0.000,0.007,1.755,0.289,1.250,0.170,1.150,119.49167,74.5
2013-10-30,93.615,-16.022,,28.942,8.025,0.803,0.086,0.885,7.641,11.664,19.964,12.959,5.227,0.062,0.004,0.014,0.008,1.570,0.281,1.542,0.162,1.019,119.45417,75.1
2013-10-31,103.224,-17.623,,37.168,6.674,0.754,0.143,0.853,8.262,12.209,22.245,13.312,5.478,0.065,1.432,0.025,0.010,1.534,0.275,0.631,0.180,1.087,120.17917,75.1
2013-11-01,123.980,-17.392,,50.433,6.608,1.411,0.200,1.062,9.223,11.967,28.671,13.861,5.830,0.092,1.903,0.354,0.013,1.357,0.270,0.688,0.185,0.976,121.87917,77.3
2013-11-02,101.113,-6.156,,25.148,6.729,1.053,0.140,0.935,9.109,12.751,24.605,13.779,5.099,0.063,0.004,0.016,0.007,1.829,0.263,0.605,0.136,1.006,122.04167,72.9
2013-11-03,101.152,-18.697,,37.815,9.101,0.923,0.140,1.095,7.868,12.011,21.881,13.091,6.492,0.072,0.345,0.001,0.013,1.956,0.155,0.723,0.116,0.877,120.33750,70
2013-11-04,106.460,-15.090,,42.597,3.001,0.840,0.166,1.958,8.118,11.221,25.943,12.816,5.913,0.086,0.003,0.007,0.010,1.693,0.269,0.691,0.145,1.020,119.78333,69.6
2013-11-05,87.641,-12.328,,23.432,4.681,0.703,0.006,1.794,7.574,11.570,20.886,13.134,4.983,0.065,0.004,0.000,0.006,1.893,0.284,0.596,0.145,0.970,119.57917,73.8
2013-11-06,93.162,-16.928,,30.769,3.027,0.789,0.189,1.797,8.258,11.830,22.787,13.108,4.958,0.072,0.839,0.000,0.008,1.359,0.277,0.667,0.154,0.964,120.98750,75.5
2013-11-07,108.887,-12.905,,34.428,8.229,0.950,0.146,2.122,9.281,12.857,25.092,14.162,6.187,0.110,1.060,0.032,0.010,1.502,0.277,0.688,0.146,1.122,122.79167,73
2013-11-08,95.073,-14.775,,27.996,4.852,0.969,0.056,2.293,8.709,12.303,24.170,13.762,6.546,0.115,0.004,0.053,0.007,1.690,0.245,0.621,0.133,0.979,123.45000,72.4
2013-11-09,88.966,-11.569,,23.514,2.715,0.659,0.096,1.784,7.955,11.742,22.486,13.681,5.788,0.077,0.005,0.000,0.006,1.487,0.260,0.554,0.138,0.935,121.59167,73.3
2013-11-10,96.919,-13.171,,29.188,4.630,0.932,0.182,1.857,8.831,12.119,25.452,13.250,5.528,0.093,0.932,0.010,0.006,1.385,0.266,0.652,0.150,1.058,121.69167,73.8
2013-11-11,98.725,-14.576,,34.305,4.037,0.931,0.144,1.028,9.321,11.809,23.205,13.956,5.284,0.104,1.597,0.075,0.009,1.488,0.271,0.608,0.155,0.994,121.55417,73.5
2013-11-12,91.766,-10.817,,26.875,1.513,1.037,0.181,0.955,8.466,11.635,22.759,13.798,5.135,0.103,0.787,0.000,0.008,1.577,0.291,0.641,0.145,1.034,122.08750,72
2013-11-13,83.993,-13.245,,17.355,3.159,0.777,0.141,1.973,8.098,10.966,26.704,13.692,6.640,0.105,0.003,0.000,0.004,2.352,0.273,0.789,0.133,0.986,122.02917,63.9
2013-11-14,85.121,-15.116,,20.309,5.356,0.733,0.140,2.013,7.776,11.215,22.186,13.437,7.298,0.064,0.807,0.009,0.000,2.086,0.216,0.688,0.146,0.877,119.45417,64.5
2013-11-15,97.932,-5.647,,20.808,5.610,0.815,0.083,2.780,8.249,12.213,21.873,13.599,7.150,0.060,1.056,0.000,0.000,1.801,0.302,1.034,0.206,1.251,120.04583,68.3
2013-11-16,96.330,-7.552,,23.396,6.530,1.063,0.125,1.734,7.590,11.558,22.759,13.007,6.700,0.060,0.000,0.000,0.000,1.781,0.291,0.624,0.136,0.827,119.53750,73.1
2013-11-17,75.116,-14.613,,20.448,1.416,0.649,0.000,0.437,7.173,11.305,20.644,13.048,3.571,0.033,0.000,0.000,0.000,1.608,0.285,0.426,0.000,0.607,119.86667,74.1
2013-11-18,87.523,-15.272,,28.809,4.924,0.696,0.185,0.739,7.546,11.295,20.986,13.117,5.311,0.058,0.013,0.034,0.006,1.392,0.125,0.581,0.007,0.950,119.61250,73.9
2013-11-19,108.934,-12.876,,40.543,5.706,0.959,0.319,1.081,8.293,11.427,24.606,13.901,5.875,0.068,2.594,0.037,0.000,1.475,0.000,0.597,0.000,0.972,120.48750,75.3
2013-11-20,92.031,-11.342,,26.849,1.709,0.852,0.123,0.842,8.053,11.213,23.856,13.447,4.895,0.052,0.673,0.000,0.000,1.837,0.123,0.578,0.133,0.927,119.70417,72.3
2013-11-21,104.615,-13.143,,34.640,6.922,0.832,0.085,0.950,7.710,11.246,21.004,12.825,6.554,0.055,0.495,0.000,0.000,2.301,0.261,0.654,0.142,1.143,119.48750,75.3
2013-11-22,108.155,-10.706,,35.998,2.134,0.757,0.148,0.866,8.709,11.513,25.949,13.035,5.347,0.052,2.316,0.022,0.000,1.452,0.257,0.566,0.151,1.029,119.27917,75
2013-11-23,100.130,-14.713,,32.436,3.420,0.847,0.168,0.176,8.262,11.604,25.282,13.345,5.218,0.064,1.439,0.001,0.002,1.583,0.272,0.576,0.137,1.000,119.50000,72.5
2013-11-24,101.176,-9.251,,28.928,3.137,0.847,0.182,0.856,8.775,11.696,26.736,13.450,5.819,0.083,2.629,0.014,0.002,1.509,0.238,0.619,0.160,1.051,120.35417,67.8
2013-11-25,95.898,-13.147,,24.289,5.177,0.832,0.164,0.481,8.592,12.085,27.117,13.669,6.938,0.062,0.995,0.015,0.000,1.800,0.288,0.654,0.182,1.109,119.58333,68.9
2013-11-26,127.540,-10.415,,47.060,9.778,1.173,0.244,0.998,9.576,11.660,25.045,13.380,9.019,0.123,1.922,0.000,0.000,2.103,0.270,0.790,0.000,1.269,120.49583,72.5
2013-11-27,100.078,-10.021,,22.775,7.614,0.832,0.256,0.150,10.457,12.254,27.820,13.675,6.503,0.081,1.128,0.000,0.000,1.802,0.241,0.656,0.096,0.889,121.85000,65.4
2013-11-28,55.549,-16.711,,4.811,0.140,0.733,0.000,0.139,7.913,11.888,23.325,14.064,2.841,0.043,0.000,0.000,0.000,1.573,0.248,0.286,0.000,0.000,122.14167,53.1
2013-11-29,68.723,-10.539,,5.172,2.944,0.813,0.038,0.514,8.293,11.232,23.545,14.233,4.311,0.064,0.000,0.000,0.000,1.745,0.227,0.520,0.000,0.637,121.94583,61
2013-11-30,80.378,-9.857,,10.702,6.087,0.908,0.150,0.685,8.367,12.141,26.169,14.332,4.686,0.072,0.000,0.000,0.000,1.511,0.215,0.557,0.000,0.873,121.70833,64.5
2013-12-01,88.916,-7.598,,17.479,3.856,0.873,0.094,0.810,9.059,11.724,26.765,15.079,5.214,0.108,2.056,0.000,0.000,1.887,0.225,0.561,0.134,0.905,121.99167,63.4
2013-12-02,95.760,-5.688,,21.449,3.764,1.092,0.289,1.057,8.889,11.171,27.037,14.407,6.413,0.142,2.052,0.050,0.000,1.757,0.244,0.629,0.161,1.089,121.22917,64.3
2013-12-03,89.629,-9.823,,17.438,8.001,0.991,0.157,0.947,8.954,11.751,25.750,14.370,5.754,0.090,0.000,0.052,0.000,1.885,0.228,0.584,0.000,1.064,121.59583,68.8
2013-12-04,86.142,-14.034,,24.191,3.717,0.755,0.190,2.076,7.988,11.504,24.046,13.712,6.297,0.065,0.000,0.007,0.000,1.554,0.282,0.617,0.000,0.522,120.66667,72.1
2013-12-05,100.968,-12.577,,35.435,3.137,0.956,0.267,0.820,8.303,11.674,25.357,13.673,7.378,0.063,2.418,0.081,0.000,1.804,0.272,0.630,0.000,0.813,121.50833,70.9
2013-12-06,102.166,-14.259,,30.442,5.387,0.770,0.279,0.247,8.424,11.779,27.801,13.718,7.811,0.068,0.000,0.015,0.000,1.925,0.274,0.684,0.000,0.559,121.77917,73.9
2013-12-07,86.243,-14.233,,19.422,2.949,0.858,0.035,0.516,8.203,12.475,24.758,14.400,4.540,0.043,0.000,0.000,0.000,1.265,0.279,0.438,0.000,0.678,120.71250,72.5
2013-12-08,99.918,-13.760,,27.599,7.883,0.725,0.122,0.798,8.468,11.708,24.598,13.482,6.633,0.055,0.537,0.000,0.000,2.175,0.277,0.474,0.001,0.426,119.08750,72.4
2013-12-09,110.223,-13.195,,37.114,8.014,0.985,0.332,1.148,8.766,11.687,24.712,13.923,6.141,0.074,1.970,0.091,0.000,1.502,0.300,0.642,0.062,1.030,119.52917,71.9
2013-12-10,102.266,-14.335,,30.460,4.861,1.198,0.154,0.821,8.338,11.689,25.691,13.684,5.878,0.062,0.774,0.012,0.000,1.652,0.284,0.801,0.055,0.816,119.52500,71.2
2013-12-11,89.734,-13.830,,21.303,7.184,0.876,0.036,0.699,8.448,11.945,23.090,13.515,5.507,0.058,0.000,0.009,0.000,1.561,0.288,0.802,0.056,0.433,119.56667,71
2013-12-12,85.701,-9.178,,16.187,3.609,0.940,0.123,0.677,8.043,10.893,21.443,13.819,7.827,0.050,0.000,0.000,0.000,2.424,0.294,1.396,0.048,1.169,119.81667,66.4
2013-12-13,105.051,-14.049,,28.727,6.664,1.177,0.127,0.313,8.963,11.771,26.434,13.646,8.140,0.101,2.295,0.019,0.000,1.819,0.299,1.266,0.073,1.535,119.87500,64.5
2013-12-14,84.986,-13.427,,18.271,3.874,0.904,0.040,0.000,8.401,13.112,23.345,13.519,4.656,0.053,0.000,0.005,0.000,1.420,0.303,1.467,0.041,0.484,119.68333,71.8
2013-12-15,82.838,-9.119,,14.914,0.530,0.743,0.034,0.676,8.290,12.012,24.227,13.891,4.646,0.060,1.150,1.089,0.002,1.684,0.310,1.619,0.024,0.441,119.65833,69.2
2013-12-16,73.397,-14.683,,10.090,3.182,0.797,0.074,0.764,7.884,11.214,24.570,14.047,5.302,0.062,0.665,0.005,0.000,1.623,0.312,1.131,0.040,1.092,120.12500,58.5
2013-12-17,74.910,-15.108,,9.824,5.180,0.864,0.100,0.676,8.105,11.051,24.919,14.230,5.337,0.061,0.649,0.035,0.000,1.471,0.312,0.839,0.053,0.622,119.61250,58.1
2013-12-18,73.786,-15.101,,12.532,3.696,0.865,0.209,0.699,7.610,11.639,23.227,13.927,5.062,0.071,0.757,0.014,0.000,1.414,0.326,0.420,0.036,0.353,119.61667,58.5
2013-12-19,87.725,-14.568,,20.907,4.188,0.746,0.238,0.834,8.803,11.106,26.788,14.754,5.257,0.070,1.892,0.020,0.000,1.390,0.332,0.428,0.049,0.364,119.80833,61.2
2013-12-20,98.681,-13.481,,27.763,2.154,1.420,0.079,0.410,8.569,11.710,27.965,14.073,6.602,0.063,0.794,0.068,0.000,2.015,0.316,0.489,0.069,0.594,119.63333,70.6
2013-12-21,106.101,-13.850,,32.163,5.373,1.070,0.273,0.231,8.981,12.038,24.506,14.457,6.472,0.050,1.275,0.024,0.000,1.667,0.291,0.467,0.070,0.976,119.44167,73.6
2013-12-22,108.743,-13.653,,33.823,6.001,0.934,0.204,0.794,9.248,12.130,27.481,14.321,5.253,0.055,1.022,0.013,0.000,1.726,0.295,0.432,0.051,0.896,118.97083,73.7
2013-12-23,118.176,-13.220,,42.050,7.197,0.860,0.193,0.107,8.704,12.664,28.268,14.185,7.156,0.055,2.314,0.000,0.000,1.849,0.283,0.500,0.052,0.930,118.70000,73.6
2013-12-24,75.952,-14.466,,11.095,3.826,0.817,0.083,0.571,8.987,12.222,26.240,14.274,3.665,0.052,0.000,0.000,0.000,1.279,0.322,0.373,0.033,0.649,119.70833,64.5
2013-12-25,54.884,-13.233,,0.049,0.107,0.747,0.000,0.000,8.191,12.386,23.544,14.537,0.848,0.029,0.000,0.000,0.000,1.009,0.349,0.176,0.000,0.000,119.87500,63.3
2013-12-26,84.583,-9.142,,13.965,6.247,0.731,0.083,0.525,8.261,11.967,23.735,14.124,5.097,0.049,0.000,0.000,0.000,1.453,0.323,0.450,0.049,1.010,119.82500,66.8
2013-12-27,85.564,-7.546,,14.545,3.509,0.962,0.123,0.070,8.414,11.926,23.798,13.930,5.926,0.053,0.000,0.006,0.000,1.515,0.335,0.473,0.050,1.118,119.57917,67.4
2013-12-28,96.429,-8.321,,20.694,7.623,0.723,0.162,0.078,8.236,12.214,24.932,13.978,5.386,0.060,0.000,0.001,0.000,1.402,0.326,0.462,0.052,1.020,119.15417,71.3
2013-12-29,82.210,-5.697,,14.515,1.774,0.746,0.151,0.330,9.099,12.125,23.026,13.706,4.188,0.041,0.534,0.000,0.000,1.307,0.319,0.349,0.038,0.568,119.21667,69.8
2013-12-30,100.725,-6.163,,20.477,7.323,1.151,0.222,0.816,9.142,12.457,24.875,13.725,8.213,0.093,1.625,0.143,0.000,1.961,0.307,0.622,0.041,1.297,119.55833,64.3
