,,Daily SiteSage Data, 2018-01-01 15:58:00,Customer: ,Historic Green Village,Location: Bakery (F1)

Column name is Energy Monitor Channel Number-Circuit Name
Channel Columns contain energy usage(production) in kWh for day
Voltage is average voltage for day

 Date,"CH1-Bldg F1","CH3-PV Array F1","CH4-Plug: Front FridgeT","CH5-A/C: WSHP1","CH6-Range","CH8-Plug: Microwave","CH9-Wired: Dishwasher","CH10-Plug: Mixer","CH11-Plug: Fridge in Back","CH12-Plug: Front Display Case","CH13-Plug: Back Middle Freezer","CH14-Plug: Back Freezer near Wall","CH15-Lights: Indoor 1","CH16-DHW Gas Instant","CH17-Plug: Gas Oven","CH18-Plugs: Outlet 1","CH19-Plugs: Outlet 2","CH20-Plugs: Outlet 3","CH21-Plug: Front Small Fridge","CH22-Lights: Bath/Mechanical Room","CH23-Plug: Outdoor Receptacle","CH24-Lights: Outdoor 4",4065/Voltage,Outdoor Temp
2015-01-01,113.343,-8.272,0.000,28.274,1.147,0.607,0.210,0.221,9.508,10.883,21.265,14.672,6.820,3.372,2.130,0.746,0.000,2.810,0.000,21.780,0.002,0.000,119.01667,65.1
2015-01-02,150.904,-10.713,0.000,45.428,4.389,0.737,0.354,1.036,10.222,14.790,22.432,14.685,10.582,3.368,3.782,1.041,0.000,3.290,0.000,22.523,0.003,1.495,118.57917,68.7
2015-01-03,123.321,-14.075,0.000,29.251,1.415,0.682,0.034,0.680,9.858,13.536,20.936,14.839,6.307,3.350,0.000,0.694,0.000,2.768,0.000,23.482,0.002,1.044,118.82083,73.9
2015-01-04,132.561,-14.267,0.000,41.076,1.886,0.718,0.242,0.724,9.606,14.843,20.742,13.610,6.333,3.378,2.375,0.000,0.000,2.778,0.000,23.075,0.002,0.675,119.30000,72.7
2015-01-05,123.300,-8.875,0.000,27.324,2.483,1.584,0.062,1.092,9.671,14.096,21.417,13.470,7.190,3.366,1.020,0.845,0.000,2.452,0.000,23.065,0.002,0.978,119.08333,68.7
2015-01-06,113.584,-11.299,0.000,23.583,1.891,0.974,0.316,1.043,9.478,13.113,21.790,13.446,6.415,3.368,0.784,0.710,0.000,2.075,0.000,22.430,0.002,0.990,118.97917,63.9
2015-01-07,105.973,-15.325,0.000,16.769,2.763,0.855,0.121,2.098,9.966,13.831,22.328,14.450,6.251,3.358,0.468,1.038,0.000,2.326,0.000,22.694,0.002,1.053,118.91250,61.1
2015-01-08,105.356,-15.508,0.000,12.093,4.800,0.604,0.236,3.069,9.650,12.986,22.443,14.822,6.905,3.348,2.910,0.795,0.000,2.235,0.000,21.587,0.002,0.890,118.21667,53
2015-01-09,100.705,-11.526,0.000,8.916,3.046,0.815,0.113,1.857,9.234,12.433,23.062,14.961,5.656,3.352,0.668,1.687,0.000,2.137,0.000,21.849,0.002,1.009,118.52917,54
2015-01-10,103.193,-12.623,0.000,7.824,4.658,0.656,0.148,2.001,9.174,12.076,22.593,14.626,5.902,3.341,1.042,1.716,0.000,2.299,0.000,21.478,0.003,1.033,118.28750,56.2
2015-01-11,114.226,-12.541,0.000,26.411,0.454,0.707,0.170,2.637,8.875,13.907,21.511,13.739,7.491,3.363,2.148,0.461,0.000,1.878,0.000,22.103,0.003,0.924,118.97917,67.2
2015-01-12,129.309,-4.274,0.000,26.670,1.175,0.755,0.212,3.718,9.830,15.032,23.007,14.434,6.075,3.374,2.225,1.162,0.000,0.806,0.000,22.571,0.003,1.102,119.18333,66.6
2015-01-13,118.599,-13.581,0.000,26.454,1.421,1.141,0.207,3.630,9.737,14.108,21.384,14.136,6.292,3.372,1.571,0.747,0.000,0.770,0.000,22.849,0.003,1.148,119.17083,65.4
2015-01-14,119.462,-7.656,0.000,17.196,5.182,0.736,0.118,3.316,10.166,15.229,22.443,14.581,6.642,3.357,0.000,0.948,0.000,1.412,0.000,22.558,0.002,1.115,119.00417,63.3
2015-01-15,116.436,-4.209,0.000,11.836,2.979,0.848,0.081,3.490,10.565,13.439,22.679,14.338,6.055,3.362,2.288,1.172,0.000,1.726,0.000,21.722,0.003,1.115,118.65833,58
2015-01-16,109.689,-14.632,0.000,16.573,2.096,0.704,0.254,3.472,10.569,13.260,22.351,15.275,5.569,3.369,1.830,1.132,0.000,1.370,0.000,22.394,0.003,1.067,119.05000,57.7
2015-01-17,110.369,-15.769,0.000,15.874,6.437,0.562,0.081,3.456,9.737,14.810,22.406,13.859,6.677,3.342,0.000,0.465,0.000,1.656,0.001,22.355,0.003,1.166,118.87917,59.4
2015-01-18,114.700,-12.679,0.000,19.715,2.874,0.569,0.120,2.886,9.686,14.645,21.983,14.202,7.059,3.382,0.549,2.132,0.000,1.725,0.000,23.012,0.004,0.979,119.72500,62.8
2015-01-19,113.497,-15.822,0.000,21.628,1.234,0.845,0.139,3.579,9.777,14.819,21.978,14.410,6.398,3.335,2.856,1.183,0.000,1.493,0.000,21.830,0.003,1.066,118.67500,60.8
2015-01-20,132.623,-6.291,0.000,22.328,2.767,0.741,0.184,3.526,9.292,14.062,22.764,14.064,6.999,3.369,2.317,1.127,0.000,1.645,0.000,22.622,0.003,1.081,119.02083,61.1
2015-01-21,125.083,-15.728,0.000,28.545,2.502,0.935,0.179,2.904,10.905,15.441,22.272,13.602,6.139,3.351,1.849,1.305,0.000,1.476,0.000,22.342,0.003,1.090,119.02917,65.2
2015-01-22,137.595,-15.533,0.000,39.929,2.045,0.685,0.275,4.386,10.996,15.397,20.799,14.019,7.279,3.354,3.829,0.624,0.000,1.534,0.000,22.432,0.004,1.180,119.09167,69.2
2015-01-23,126.472,-12.882,0.000,27.771,0.145,0.634,0.108,3.210,10.380,16.574,22.640,14.392,5.862,3.326,1.291,1.147,0.000,1.534,0.001,22.463,0.004,0.867,118.67083,69.8
2015-01-24,119.085,-14.124,0.000,21.098,2.480,0.722,0.251,3.614,9.837,16.183,23.127,16.673,6.282,3.347,0.559,0.684,0.000,1.500,0.001,22.554,0.003,1.277,119.28750,63.9
2015-01-25,98.407,-17.226,0.000,13.501,0.484,0.682,0.148,3.185,9.897,13.786,21.840,13.875,4.499,3.347,1.864,0.463,0.000,1.334,0.001,22.216,0.003,0.751,119.31667,59.1
2015-01-26,132.595,-15.576,0.001,22.895,4.125,0.642,0.156,3.754,10.063,16.359,23.095,13.809,5.846,3.340,2.499,1.167,0.002,1.493,0.001,22.714,0.004,1.119,119.02917,63.5
2015-01-27,120.798,-17.450,0.000,19.932,0.750,0.617,0.109,5.350,9.942,15.308,22.847,14.583,6.295,3.341,1.411,1.071,0.000,1.527,0.001,22.675,0.003,1.189,118.75417,61
2015-01-28,117.248,-18.237,0.000,18.517,3.483,1.040,0.219,3.211,10.343,14.423,23.868,14.024,6.575,3.334,2.964,1.075,0.000,1.476,0.000,22.048,0.003,1.056,118.35000,56.8
2015-01-29,125.284,-17.836,0.000,23.430,2.810,1.031,0.220,4.284,10.477,16.165,24.212,14.496,6.598,3.323,2.540,1.535,0.000,1.562,0.000,21.947,0.003,1.087,118.35000,58.5
2015-01-30,127.544,-14.613,0.000,24.603,2.332,0.625,0.193,3.693,9.944,16.702,22.772,14.743,7.501,3.338,2.393,1.099,0.000,1.541,0.000,22.192,0.003,1.427,118.63750,59.9
2015-01-31,115.954,-17.040,0.000,17.834,4.908,0.628,0.107,3.168,9.265,15.396,22.996,14.375,7.875,3.321,0.500,0.514,0.000,1.919,0.000,22.260,0.003,0.977,118.62500,61.4
2015-02-01,105.375,-17.805,0.000,19.639,1.654,0.580,0.111,2.681,9.620,15.759,21.575,13.341,5.110,3.324,0.801,0.237,0.000,1.883,0.000,22.807,0.002,0.587,118.87083,63.7
2015-02-02,130.313,-9.804,0.000,26.689,0.969,0.539,0.189,3.262,10.345,17.615,22.629,15.051,6.644,3.328,1.144,1.194,0.000,1.672,0.000,22.223,0.003,1.016,118.62917,63.6
2015-02-03,112.728,-17.509,0.000,13.849,2.356,0.953,0.142,3.228,10.730,14.129,21.697,13.776,5.884,3.322,1.729,1.324,0.000,1.503,0.000,22.070,0.003,1.075,118.43750,56.7
2015-02-04,127.574,-11.195,0.000,26.406,1.795,0.693,0.186,3.268,10.711,17.521,21.160,15.303,8.430,3.328,1.909,1.252,0.000,2.059,0.000,22.708,0.003,1.083,118.57083,64.9
2015-02-05,134.280,-12.369,0.000,29.618,4.427,0.938,0.412,4.669,11.107,15.751,21.786,14.185,7.942,3.365,3.505,1.245,0.000,1.630,0.000,22.101,0.003,0.869,118.88750,62.4
2015-02-06,135.078,-19.318,0.000,30.179,4.130,0.881,0.190,4.357,10.332,16.195,22.355,15.146,10.200,3.312,4.242,1.579,0.000,2.207,0.000,21.999,0.004,1.441,118.03333,59
2015-02-07,99.415,-18.579,0.000,21.143,1.568,0.673,0.042,1.234,8.183,11.599,20.569,13.907,5.876,3.335,0.000,0.000,0.000,2.119,0.000,21.438,0.002,0.123,118.85833,60.6
2015-02-08,101.797,-18.972,0.002,20.911,3.721,0.587,0.040,2.618,8.753,15.146,20.395,13.447,6.042,3.333,1.015,0.000,0.000,1.880,0.000,22.484,0.002,0.643,118.92917,62.6
2015-02-09,127.996,-2.708,0.000,19.836,3.226,1.230,0.242,3.060,12.189,15.418,23.884,13.578,6.445,3.361,1.376,1.135,0.000,1.689,0.000,22.164,0.003,0.982,119.13750,61.7
2015-02-10,129.049,-17.442,0.002,24.672,4.867,0.995,0.316,6.450,10.999,16.904,21.992,13.877,8.417,3.378,2.643,1.735,0.000,2.110,0.000,22.282,0.003,1.023,118.93750,58.9
2015-02-11,113.389,-17.403,0.010,14.518,2.257,0.856,0.246,2.558,12.393,16.520,23.587,15.984,6.461,3.236,0.001,1.638,0.004,1.816,0.009,21.452,0.008,1.218,119.33158,57.2
2015-02-12,129.259,-19.719,0.000,28.190,4.441,0.569,0.163,5.372,10.793,17.864,21.367,15.166,8.078,3.340,3.858,0.796,0.000,2.045,0.000,22.034,0.004,1.204,118.79167,58.6
2015-02-13,134.234,-20.859,0.000,20.939,3.682,0.609,0.285,4.538,11.642,15.488,25.584,18.773,9.312,3.318,4.329,1.885,0.000,1.900,0.000,21.403,0.003,1.032,117.99583,53.6
2015-02-14,108.736,-20.722,0.001,7.592,2.051,0.695,0.080,3.345,9.738,17.307,23.606,16.057,6.818,3.287,0.364,0.000,0.000,1.520,0.001,21.415,0.003,1.145,117.91250,53.2
2015-02-15,115.243,-19.873,0.001,23.859,1.122,0.827,0.233,2.842,10.222,18.459,21.274,13.992,6.191,3.333,1.900,0.873,0.001,1.401,0.000,22.951,0.003,0.811,118.65000,61.8
2015-02-16,134.275,-17.488,0.000,28.057,5.989,0.614,0.218,4.679,11.380,20.232,22.499,14.517,7.220,3.349,2.662,1.536,0.000,1.768,0.000,22.339,0.003,1.221,118.94583,62
2015-02-17,132.831,-13.061,0.000,30.426,2.894,1.082,0.162,3.637,10.986,19.039,22.117,14.553,8.652,3.345,2.338,2.048,0.000,2.022,0.000,22.227,0.002,1.021,118.91250,63.3
2015-02-18,122.854,-21.889,0.003,17.948,6.868,1.024,0.186,1.878,10.474,16.697,22.995,14.313,8.068,3.307,2.312,1.244,0.000,1.926,3.041,21.751,0.031,1.028,118.17083,55.3
2015-02-19,109.475,-22.461,0.011,12.266,3.192,0.735,0.389,2.286,10.379,13.874,21.761,13.771,7.979,3.302,4.089,0.860,0.000,1.853,3.784,21.076,0.036,1.013,117.51250,50
2015-02-20,107.831,-22.497,0.007,10.706,1.126,0.669,0.219,1.851,10.427,13.984,21.876,14.597,7.895,3.268,3.711,1.541,0.000,1.850,3.107,20.654,0.028,0.981,117.11667,47.5
2015-02-21,110.735,-20.740,0.001,17.928,3.175,0.755,0.165,1.228,9.520,17.966,21.297,13.975,6.360,3.294,1.288,0.000,0.000,1.656,2.733,21.516,0.023,0.896,118.07083,58.3
2015-02-22,121.603,-19.678,0.000,31.068,1.931,0.677,0.164,1.546,10.266,19.053,20.972,13.524,7.516,3.329,3.068,0.166,0.000,2.074,2.472,22.541,0.024,0.847,119.04583,65.2
2015-02-23,145.522,-14.630,0.000,37.492,4.399,0.992,0.241,2.046,11.629,18.861,21.306,14.685,8.399,3.355,4.202,1.863,0.000,2.097,2.899,22.677,0.032,1.122,119.12083,66.1
2015-02-24,146.300,-9.000,0.000,35.819,2.404,0.991,0.152,2.078,11.120,19.862,21.183,14.243,8.991,3.361,4.408,1.572,0.000,2.215,2.804,22.341,0.029,1.449,119.25000,63.3
2015-02-25,144.544,-10.897,0.000,32.743,5.262,0.951,0.217,1.542,12.016,21.275,22.185,15.887,8.403,3.336,2.891,1.237,0.001,1.921,2.641,22.263,0.026,1.659,118.98750,63.8
2015-02-26,138.693,-10.034,0.001,28.680,5.021,0.904,0.157,3.173,11.291,19.634,21.597,14.542,7.645,3.346,3.764,0.446,0.001,1.907,2.006,22.031,0.026,1.163,118.89167,61.8
2015-02-27,124.856,-10.782,0.000,16.896,5.442,1.205,0.272,2.048,11.211,19.463,21.680,15.343,7.431,3.339,0.640,1.099,0.000,1.810,2.010,22.215,0.007,1.096,118.63750,58.2
2015-02-28,129.430,-4.168,0.000,19.121,4.171,0.936,0.139,2.024,11.186,18.171,22.033,14.762,6.542,3.320,1.122,0.023,0.000,1.655,1.709,21.870,0.012,1.064,118.80000,61.5
2015-03-01,125.772,-19.191,0.000,32.604,1.135,0.879,0.167,2.395,10.286,19.354,21.703,13.738,6.327,3.343,2.831,0.294,0.000,1.420,1.373,22.582,0.021,0.720,119.31667,70.7
2015-03-02,145.814,-20.101,0.000,41.628,1.532,0.926,0.160,4.779,12.177,20.777,22.960,14.898,7.030,3.346,3.220,0.665,0.000,1.592,1.665,23.187,0.029,1.068,119.16250,70
2015-03-03,150.360,-18.913,0.000,40.911,2.849,1.549,0.154,2.413,13.266,22.376,21.463,14.526,8.466,3.347,2.663,1.593,0.000,2.011,1.779,24.404,0.028,0.967,119.11250,69.4
2015-03-04,148.362,-21.889,0.000,40.627,3.625,0.890,0.149,2.293,11.482,21.967,23.030,14.684,9.283,3.358,1.783,0.569,0.000,2.215,2.609,24.166,0.022,0.995,119.67500,71
2015-03-05,141.977,-21.760,0.000,42.393,1.619,0.873,0.332,2.735,11.071,21.478,22.599,14.587,6.413,3.369,2.894,0.013,0.000,1.775,1.600,23.297,0.026,0.988,119.77917,71.3
2015-03-06,157.998,-11.257,0.000,41.213,4.013,1.382,0.267,2.332,12.545,21.381,24.619,15.569,8.873,3.344,2.820,1.244,0.001,2.192,1.782,22.721,0.028,1.230,118.73333,67.2
2015-03-07,139.896,-13.449,0.001,24.927,10.721,1.226,0.203,1.924,11.855,20.988,24.636,15.757,6.916,3.333,0.000,0.564,0.000,1.719,1.935,22.527,0.010,1.135,118.95417,62.5
2015-03-08,98.982,-21.689,0.011,25.962,0.163,0.576,0.082,1.729,8.817,16.607,20.568,12.648,5.412,3.183,0.493,0.010,0.000,1.761,0.000,21.148,0.003,0.325,118.76667,64.5
2015-03-09,149.900,-16.015,0.000,41.191,0.710,0.977,0.265,3.710,12.278,21.162,24.270,14.742,7.482,2.128,2.945,1.735,0.000,1.822,1.700,23.106,0.025,1.627,118.85000
2015-03-10,156.850,-22.482,0.000,45.371,6.847,1.212,0.238,2.093,13.808,21.409,26.152,16.106,6.838,0.057,1.462,1.126,0.000,1.642,1.694,23.589,0.023,0.930,118.87500,75.5
2015-03-11,151.388,-22.439,0.000,44.665,4.478,1.368,0.236,1.857,13.386,21.785,23.210,14.277,6.743,0.057,1.373,1.198,0.000,1.688,1.656,23.269,0.021,0.997,118.98750,74.7
2015-03-12,165.094,-19.527,0.000,50.679,5.808,0.786,0.344,3.349,13.515,22.206,25.340,16.114,6.827,0.057,2.776,1.258,0.002,1.627,1.673,23.039,0.028,1.098,118.48333,75.8
2015-03-13,163.815,-21.241,0.000,49.945,8.532,0.718,0.371,2.430,13.425,22.536,23.488,15.043,8.396,0.065,2.367,1.715,0.000,1.863,1.907,22.787,0.024,1.255,118.69583,74.8
2015-03-14,139.480,-22.965,0.000,37.927,3.902,0.584,0.115,2.062,9.609,21.977,22.819,14.754,7.277,0.078,0.000,0.401,0.000,1.670,1.798,22.808,0.009,0.950,117.88333,73.8
2015-03-15,131.963,-22.188,0.001,41.769,1.629,0.667,0.123,2.572,10.881,22.682,22.526,14.035,7.909,0.051,1.943,0.017,0.000,2.137,0.939,22.296,0.012,0.961,118.25417,73.5
2015-03-16,150.194,-23.049,0.000,49.066,2.121,1.067,0.227,2.397,12.489,21.946,23.686,14.682,7.659,0.069,3.810,1.287,0.000,1.926,1.267,22.611,0.022,1.113,118.55000,73
2015-03-17,157.759,-24.081,0.000,48.105,6.674,0.703,0.449,2.304,15.582,23.113,24.168,15.411,8.687,0.079,3.340,1.581,0.001,1.843,1.783,23.068,0.021,0.968,118.99167,72.6
2015-03-18,158.657,-22.987,0.000,51.462,2.712,1.234,0.272,2.002,12.838,23.244,23.290,15.010,9.531,0.091,2.339,2.119,0.000,2.338,1.764,22.630,0.022,1.266,118.75833,73.6
2015-03-19,144.502,-21.320,0.000,42.896,3.041,0.816,0.191,2.015,11.652,22.978,22.164,13.273,9.185,0.077,1.328,0.448,0.000,2.193,2.099,22.377,0.017,1.176,118.95000,72.8
2015-03-20,165.917,-23.456,0.000,53.846,7.433,1.493,0.523,3.194,14.305,23.099,24.203,14.044,8.541,0.090,4.180,1.590,0.001,1.709,2.066,22.641,0.031,1.104,118.95833,72.3
2015-03-21,148.236,-22.780,0.000,43.720,3.714,0.743,0.224,2.392,11.594,23.234,24.265,16.267,8.114,0.052,1.250,0.000,0.000,1.840,1.909,23.365,0.014,0.917,119.16667,73
2015-03-22,141.784,-18.892,0.001,46.117,5.575,0.885,0.155,1.830,9.467,22.600,21.851,15.832,8.527,0.049,1.430,0.700,0.000,1.931,1.461,22.152,0.017,0.779,118.18333,73.4
2015-03-23,152.622,-16.467,0.000,44.275,6.257,1.019,0.160,2.271,12.423,22.690,23.213,16.059,6.773,0.065,1.323,1.160,0.000,1.654,1.641,23.230,0.017,0.981,118.41667,73.8
2015-03-24,141.955,-23.095,0.000,40.587,4.754,1.015,0.198,4.310,12.247,22.821,21.573,14.575,6.654,0.072,1.776,1.235,0.000,1.606,1.491,23.016,0.017,1.044,118.66250,72
2015-03-25,139.225,-19.748,0.000,40.851,1.417,1.149,0.223,2.433,10.889,23.317,22.598,14.252,6.935,0.069,1.830,0.776,0.000,1.738,1.708,24.144,0.024,1.279,119.17500,71.7
2015-03-26,165.024,-19.179,0.000,54.511,5.018,0.664,0.224,3.601,13.325,23.008,22.472,15.367,8.636,0.074,3.153,1.695,0.001,1.899,1.741,22.968,0.030,0.969,118.52083,74.2
2015-03-27,159.622,-8.953,0.000,43.288,5.994,1.055,0.313,2.636,14.279,22.896,22.720,15.908,7.643,0.087,1.431,0.904,0.003,1.904,2.198,22.934,0.019,1.068,118.42500,71.2
2015-03-28,125.349,-25.129,0.008,30.107,3.551,0.700,0.152,2.447,14.982,22.873,23.447,14.994,6.947,0.043,1.742,0.000,0.000,1.594,1.549,22.665,0.016,1.065,118.77500,64
2015-03-29,111.068,-25.764,0.012,24.444,5.232,0.975,0.084,2.778,9.885,22.264,21.243,13.582,6.495,0.050,1.557,0.000,0.000,1.720,1.251,22.054,0.008,0.914,118.77083,63.6
2015-03-30,141.747,-25.541,0.001,38.682,4.880,1.313,0.438,3.338,13.527,23.064,25.396,16.453,7.859,0.094,3.168,1.357,0.000,1.696,0.049,22.514,0.003,1.332,118.90000,63.8
2015-03-31,142.517,-25.275,0.000,42.614,0.491,1.576,0.235,2.774,13.445,23.433,25.031,14.524,8.241,0.077,3.172,1.202,0.000,1.936,0.000,23.338,0.004,1.283,118.93750,69.8
2015-04-01,159.840,-24.871,0.000,50.382,4.934,0.855,0.310,2.355,13.650,23.712,26.059,15.881,9.407,0.078,3.943,1.424,0.001,2.200,1.967,22.852,0.032,1.352,118.39167,70.7
2015-04-02,161.936,-23.097,0.000,52.558,4.926,0.830,0.374,3.956,14.219,23.782,23.985,15.046,9.189,0.068,3.415,1.058,0.000,2.174,2.278,22.774,0.033,0.995,118.55833,71.9
2015-04-03,153.706,-25.430,0.000,48.812,6.145,1.502,0.401,2.504,14.580,23.163,23.248,15.323,8.582,0.067,2.482,1.081,0.000,2.067,1.772,22.428,0.024,0.988,118.55000,72.8
2015-04-04,134.931,-25.744,0.001,38.840,4.769,0.762,0.201,2.361,12.968,23.354,21.299,13.654,7.427,0.046,1.377,0.118,0.000,1.612,1.762,23.131,0.021,1.017,118.43750,73
2015-04-05,107.791,-23.426,0.013,29.975,1.998,0.582,0.083,2.078,9.858,22.305,20.322,13.205,2.753,0.029,0.877,0.232,0.000,1.051,0.000,22.854,0.003,0.000,118.16667,75.4
2015-04-06,151.837,-24.288,0.000,52.818,1.372,1.315,0.187,2.349,12.411,23.123,21.463,15.043,8.325,0.036,3.194,1.412,0.000,1.803,1.849,22.718,0.026,1.159,117.12500,74.4
2015-04-07,167.362,-23.610,0.000,59.528,3.191,1.190,0.306,2.656,12.154,23.381,22.194,14.470,9.199,0.063,4.639,1.649,0.000,2.249,1.884,22.231,0.028,0.927,117.78333,75.1
2015-04-08,138.112,-8.059,0.000,38.312,4.369,0.755,0.087,2.575,9.507,21.987,22.479,14.781,4.422,0.057,1.473,0.414,0.000,1.305,1.431,22.066,0.015,0.417,118.60000,76.5
2015-04-09,,,,,,,,,,,,,,,,,,,,,,,,76.1
2015-04-10,,,,,,,,,,,,,,,,,,,,,,,,75.7
2015-04-11,,,,,,,,,,,,,,,,,,,,,,,,76.7
2015-04-12,,,,,,,,,,,,,,,,,,,,,,,,76.5
2015-04-13,,,,,,,,,,,,,,,,,,,,,,,,77
2015-04-14,,,,,,,,,,,,,,,,,,,,,,,,76.7
2015-04-15,,,,,,,,,,,,,,,,,,,,,,,,77.5
2015-04-16,157.254,-16.721,0.000,53.119,5.576,0.808,0.151,2.753,10.160,23.148,19.546,12.708,7.760,0.054,2.316,0.859,0.002,1.820,1.509,22.584,0.023,0.929,118.27917,78.6
2015-04-17,140.866,-13.625,0.000,46.010,2.285,1.113,0.053,1.209,9.934,20.708,20.438,14.076,6.347,0.061,1.559,0.854,0.000,1.537,1.786,20.373,0.018,0.866,118.39412,76.5
2015-04-18,,,,,,,,,,,,,,,,,,,,,,,,78.3
2015-04-19,144.835,-22.182,0.001,50.867,3.888,1.021,0.270,2.172,10.448,23.352,21.265,13.016,6.633,0.057,2.207,0.570,0.000,1.546,1.341,22.571,0.020,0.629,118.91667,77.5
2015-04-20,165.875,-14.551,0.000,57.636,3.361,0.825,0.303,2.739,11.918,23.320,21.225,14.904,7.001,0.077,2.933,0.709,0.004,1.774,1.707,22.834,0.028,1.192,118.45000,76.8
2015-04-21,146.897,-18.745,0.002,48.164,3.987,0.895,0.281,1.888,10.563,22.999,20.959,13.669,8.177,0.079,2.468,1.228,0.000,2.076,1.574,22.441,0.020,0.728,118.64167,76.1
2015-04-22,140.642,-26.325,0.000,47.108,0.951,0.926,0.196,2.053,11.803,23.228,22.361,14.209,7.050,0.049,1.926,1.552,0.000,1.643,1.568,22.411,0.016,0.971,118.54583,78
2015-04-23,157.462,-13.546,0.000,49.433,6.815,0.632,0.084,2.770,11.741,23.242,20.954,12.917,7.126,0.065,2.980,0.783,0.004,1.756,1.642,22.891,0.028,1.226,118.99583,77
2015-04-24,140.142,-25.566,0.000,48.769,1.653,0.747,0.180,1.711,10.088,22.873,21.417,14.731,7.647,0.062,1.115,0.703,0.000,1.798,1.548,22.506,0.014,0.902,118.18333,79.7
2015-04-25,154.146,-24.180,0.000,53.878,3.688,0.693,0.190,2.171,12.319,23.121,19.709,13.854,9.400,0.064,1.681,0.814,0.000,2.083,1.754,22.409,0.014,1.152,118.12500,78.4
2015-04-26,140.802,-22.729,0.003,50.241,2.504,0.774,0.084,2.043,11.745,22.684,19.741,13.159,7.762,0.050,1.501,0.013,0.000,2.040,1.578,22.022,0.014,0.736,117.86667,80.4
2015-04-27,145.084,-21.563,0.002,48.690,3.840,0.919,0.083,2.057,11.118,23.017,20.688,14.198,7.438,0.067,1.450,0.000,0.000,1.806,1.626,22.569,0.016,1.022,118.07500,80.8
2015-04-28,118.279,-0.791,0.000,28.511,1.103,0.892,0.096,1.138,8.292,22.191,19.755,12.885,2.165,0.039,0.001,0.035,0.000,1.202,1.489,22.301,0.008,0.004,120.76000,76.6
2015-04-29,,,,,,,,,,,,,,,,,,,,,,,,76.8
2015-04-30,140.634,-26.663,0.008,47.057,3.943,0.863,0.153,2.708,10.484,23.548,21.391,14.221,8.103,0.088,3.144,0.010,0.000,1.821,1.564,22.470,0.025,1.042,119.01667,73.8
2015-05-01,137.191,-27.562,0.006,42.451,2.956,0.685,0.321,2.572,12.394,23.421,20.945,14.556,7.945,0.075,2.741,0.000,0.000,1.688,1.671,22.979,0.025,1.055,118.56667,74.9
2015-05-02,95.360,-28.657,0.017,23.952,0.168,0.576,0.000,1.220,8.623,22.539,19.548,12.947,0.836,0.039,0.000,0.000,0.000,1.155,0.000,22.368,0.002,0.000,119.02917,73.3
2015-05-03,120.015,-28.471,0.012,36.412,3.433,0.700,0.030,1.603,10.401,22.806,20.369,13.347,6.982,0.053,0.574,0.398,0.000,1.819,1.323,22.322,0.008,0.654,118.46250,75.3
2015-05-04,146.673,-24.574,0.003,47.173,3.229,1.302,0.240,2.286,12.779,23.262,21.269,13.614,6.848,0.080,2.494,1.573,0.000,1.666,1.770,22.649,0.021,1.244,118.64167,75
2015-05-05,147.421,-24.432,0.003,48.203,3.034,1.020,0.202,1.750,12.052,23.165,21.342,14.281,6.958,0.067,2.437,1.254,0.001,1.622,1.522,22.575,0.022,0.996,118.71250,76.3
2015-05-06,146.978,-27.461,0.000,46.994,1.153,1.071,0.249,1.906,13.098,22.993,23.662,15.712,7.162,0.066,1.529,1.316,0.000,1.853,1.560,22.723,0.015,1.117,118.46667,75.8
2015-05-07,139.156,-27.846,0.002,46.105,4.169,0.760,0.039,2.022,9.344,23.246,21.274,13.829,7.595,0.048,2.166,0.574,0.001,1.994,1.571,22.938,0.021,1.080,118.52083,76.2
2015-05-08,156.251,-27.901,0.001,54.848,5.348,1.116,0.365,2.046,9.517,23.492,23.777,15.628,8.845,0.068,2.936,1.853,0.000,1.880,1.567,22.926,0.027,0.934,118.88333,76.8
2015-05-09,141.165,-27.871,0.000,46.777,1.385,0.898,0.115,1.357,10.571,23.177,20.278,15.122,9.041,0.049,1.503,0.104,0.000,2.224,1.716,22.805,0.018,1.046,118.26667,77.7
2015-05-10,146.260,-1.808,0.003,43.501,3.313,0.434,0.150,2.354,10.703,22.612,19.401,12.725,5.529,0.040,2.345,0.002,0.002,1.471,1.306,22.138,0.025,0.715,118.05417,78
2015-05-11,156.284,-25.740,0.000,54.354,4.944,0.796,0.138,2.349,12.519,21.853,22.184,15.003,6.617,0.066,3.081,0.000,0.001,1.717,1.580,22.314,0.027,1.046,117.08333,78.6
2015-05-12,164.669,-26.141,0.000,57.860,6.227,1.333,0.145,2.094,15.717,22.021,21.613,13.144,8.089,0.067,1.881,1.492,0.000,1.973,1.531,22.139,0.019,0.871,117.16667,79.4
2015-05-13,148.838,-26.774,0.000,56.060,0.204,1.144,0.270,1.968,12.642,22.003,21.717,13.981,7.512,0.071,2.081,1.155,0.000,1.880,1.689,22.178,0.020,1.009,117.67083,79.7
2015-05-14,157.507,-25.204,0.001,58.348,4.238,0.751,0.187,2.475,12.591,22.036,21.142,14.098,6.628,0.061,2.356,2.243,0.005,1.648,1.871,22.623,0.026,1.334,117.47083,80.3
2015-05-15,137.314,-25.840,0.002,46.519,0.982,1.124,0.036,1.611,9.446,21.937,22.133,13.922,7.657,0.058,0.000,1.671,0.000,1.822,1.609,22.485,0.006,1.305,117.68750,80.2
2015-05-16,137.082,-24.625,0.004,44.996,2.139,0.751,0.080,1.401,8.828,22.264,20.215,12.769,8.904,0.052,0.524,0.036,0.000,2.203,1.786,22.914,0.006,1.077,118.04583,79
2015-05-17,131.496,-25.881,0.007,48.248,3.793,0.780,0.036,2.005,10.169,22.009,19.324,12.736,8.065,0.049,2.151,0.019,0.000,2.046,1.421,22.575,0.019,0.671,117.71667,79.5
2015-05-18,154.606,-26.720,0.000,56.813,2.510,1.362,0.265,4.108,12.566,22.264,21.773,14.068,8.150,0.050,2.673,1.077,0.000,2.041,1.566,22.560,0.022,1.082,117.88750,80.1
2015-05-19,149.437,-27.159,0.001,53.141,0.677,0.648,0.156,1.499,10.498,21.844,19.966,13.084,8.105,0.084,1.834,1.173,0.000,2.007,1.722,21.881,0.018,1.135,116.91667,80.4
2015-05-20,147.256,-27.028,0.000,53.951,2.439,1.453,0.159,1.615,11.876,21.820,20.341,13.546,6.544,0.057,2.133,1.214,0.000,1.716,1.650,22.219,0.019,1.001,117.67917,81.5
2015-05-21,154.876,-27.124,0.002,59.767,4.589,0.654,0.188,2.813,12.377,22.019,21.321,14.554,6.288,0.045,2.111,0.724,0.000,1.507,1.621,21.862,0.021,1.121,117.46250,81.8
2015-05-22,171.236,-27.540,0.000,67.289,5.984,0.826,0.114,2.648,13.351,21.671,21.501,14.729,9.316,0.048,3.009,1.859,0.001,1.987,1.608,21.889,0.027,0.958,117.14583,82.6
2015-05-23,146.421,-26.231,0.001,50.516,2.290,0.631,0.117,1.708,10.905,21.760,21.020,14.844,9.545,0.046,0.000,0.643,0.000,2.151,1.567,22.363,0.011,1.248,117.11667,81.8
2015-05-24,145.387,-20.538,0.003,54.455,3.570,0.704,0.227,1.991,11.330,21.481,20.359,13.126,6.551,0.049,2.766,0.665,0.000,1.835,1.288,22.132,0.022,0.642,117.44167,80.6
2015-05-25,139.916,-28.342,0.004,51.319,1.386,1.399,0.162,1.588,12.930,21.294,20.803,13.280,6.853,0.056,0.463,1.372,0.000,1.748,1.650,21.745,0.010,1.186,117.28182,81.2
2015-05-26,,,,,,,,,,,,,,,,,,,,,,,,80.5
2015-05-27,143.914,-27.560,0.001,51.627,1.746,0.721,0.187,1.531,11.784,23.144,22.606,13.928,6.224,0.052,2.065,0.252,0.000,1.689,1.432,22.583,0.022,0.913,117.66250,81.1
2015-05-28,146.569,-27.492,0.002,52.461,1.717,0.736,0.107,3.028,13.216,23.278,20.840,14.519,6.803,0.046,2.168,0.738,0.000,1.779,1.401,22.766,0.025,0.986,117.71250,80.6
2015-05-29,125.415,-22.524,0.004,40.832,1.103,0.591,0.112,1.402,9.437,22.681,20.292,13.306,4.582,0.044,1.316,0.704,0.000,1.501,1.226,22.707,0.018,0.760,117.86250,78.8
2015-05-30,142.703,-28.506,0.002,50.054,3.877,0.877,0.195,1.589,9.760,23.205,21.399,14.150,7.710,0.049,1.195,0.924,0.000,1.887,1.494,23.039,0.021,1.132,117.68333,79.7
2015-05-31,132.851,-27.357,0.005,51.883,1.519,0.625,0.156,1.877,9.719,22.404,19.562,12.920,5.865,0.044,1.977,0.384,0.000,1.558,1.351,21.918,0.021,0.583,117.47917,79.6
2015-06-01,143.974,-27.058,0.001,48.254,2.873,0.930,0.198,1.891,12.119,22.782,21.857,16.815,6.757,0.038,2.024,0.685,0.000,1.689,1.584,22.867,0.024,1.002,117.92500,79.1
2015-06-02,162.380,-5.739,0.000,43.387,4.133,0.881,0.204,4.418,13.963,24.119,25.164,15.837,6.332,0.048,2.072,0.783,0.001,1.703,1.524,24.513,0.024,1.041,119.59583,75
2015-06-03,139.783,-28.662,0.001,47.946,3.270,0.712,0.157,2.036,11.467,23.290,22.839,14.603,6.333,0.049,1.213,0.463,0.000,1.632,1.551,22.902,0.018,0.932,118.77083,78.6
2015-06-04,153.335,-26.824,0.001,58.753,3.016,0.855,0.113,2.702,11.402,22.819,20.550,15.966,6.177,0.057,2.783,0.681,0.001,1.495,1.431,22.151,0.025,0.960,117.03750,80.7
2015-06-05,147.349,-27.786,0.002,54.880,2.938,0.641,0.066,1.648,12.097,23.096,19.415,13.987,8.551,0.057,1.476,0.649,0.000,1.810,1.622,22.349,0.020,1.276,117.30417,81.8
2015-06-06,146.284,-14.993,0.000,47.138,1.558,0.831,0.232,1.857,11.224,23.149,20.607,13.192,7.126,0.060,0.625,0.683,0.000,1.823,1.787,22.511,0.017,1.327,117.67917,79.5
2015-06-07,127.375,-25.511,0.008,46.036,3.042,0.610,0.072,1.666,9.946,22.411,19.187,12.406,6.595,0.062,1.627,1.064,0.000,1.668,1.188,21.929,0.018,0.665,116.89583,80.8
2015-06-08,143.083,-28.317,0.001,51.457,1.481,0.667,0.175,1.664,11.688,22.832,23.054,15.703,5.695,0.042,0.991,0.719,0.000,1.510,1.455,22.283,0.015,1.372,117.47917,80.7
2015-06-09,148.231,-26.862,0.001,54.634,3.354,0.709,0.152,1.925,11.508,22.694,21.312,13.294,5.810,0.043,1.343,0.339,0.001,1.576,1.416,22.435,0.019,1.376,117.12500,81.5
2015-06-10,168.949,-16.297,0.002,61.635,3.655,1.208,0.196,2.319,13.304,23.044,20.975,13.588,7.965,0.055,2.100,0.694,0.003,1.990,1.560,22.376,0.023,1.349,118.06667,78.7
2015-06-11,149.651,-22.997,0.000,51.300,3.523,0.733,0.260,1.977,13.076,22.867,21.601,13.377,7.361,0.048,1.870,1.432,0.000,1.675,1.616,21.965,0.020,1.520,118.11250,80.5
2015-06-12,160.795,-20.395,0.003,59.198,1.229,0.834,0.130,1.659,12.933,22.428,21.292,14.747,9.108,0.049,1.543,0.958,0.003,2.119,1.717,21.927,0.014,1.155,117.32083,81.1
2015-06-13,136.850,-22.472,0.001,46.801,1.439,0.630,0.029,1.727,9.205,21.829,19.434,12.950,7.047,0.036,0.000,0.000,0.000,1.906,1.683,22.166,0.005,0.928,117.55833,84
2015-06-14,144.073,-22.573,0.004,55.456,3.393,0.865,0.196,2.218,11.892,21.577,20.080,13.920,7.127,0.044,2.320,0.276,0.000,1.729,1.480,21.348,0.022,0.843,117.47083,82.6
2015-06-15,156.346,-22.932,0.004,60.401,3.076,1.047,0.166,2.073,12.155,22.083,20.644,14.328,6.329,0.044,1.691,0.292,0.002,1.664,1.671,22.001,0.021,0.952,117.17083,80.7
2015-06-16,152.283,-27.117,0.000,59.343,3.514,0.642,0.144,2.021,13.078,21.898,20.694,12.745,7.211,0.038,1.484,0.007,0.000,1.742,1.542,22.053,0.015,1.010,117.30833,82.8
2015-06-17,150.809,-27.480,0.000,61.341,2.751,0.947,0.210,1.988,11.478,21.454,19.706,13.325,6.110,0.028,1.407,0.433,0.000,1.494,1.263,21.596,0.017,0.894,116.93333,84.4
2015-06-18,167.745,-23.179,0.000,68.390,2.962,0.889,0.199,2.652,12.199,21.710,21.003,16.466,6.634,0.035,3.044,0.021,0.001,1.626,1.465,22.086,0.026,0.827,116.77917,84.5
2015-06-19,148.740,-21.137,0.003,51.401,1.468,0.813,0.036,1.799,9.618,22.093,20.114,13.472,8.355,0.045,0.001,0.567,0.000,2.056,1.464,21.811,0.012,1.106,117.00833,85.1
2015-06-20,165.726,-21.929,0.001,64.524,3.630,0.599,0.238,1.806,11.536,21.529,20.545,14.681,6.929,0.034,0.691,0.768,0.000,1.570,1.676,21.620,0.012,0.872,116.40417,85.2
2015-06-21,131.089,-27.395,0.006,48.158,2.094,0.611,0.038,1.771,11.263,21.202,19.173,12.601,4.893,0.034,0.528,0.235,0.000,1.609,1.092,21.629,0.010,0.612,116.72917,85.1
2015-06-22,162.333,-20.225,0.001,60.305,3.666,1.144,0.187,2.105,11.174,21.577,19.881,12.748,8.805,0.039,1.430,0.028,0.000,2.271,1.509,22.610,0.015,0.927,116.78750,84.5
2015-06-23,149.822,-27.506,0.001,57.928,3.765,0.758,0.225,2.089,12.050,21.394,20.007,14.003,6.961,0.056,1.158,0.342,0.000,1.775,1.492,21.551,0.016,0.911,115.79583,82
2015-06-24,156.779,-28.184,0.001,61.730,3.834,0.962,0.262,1.991,13.066,21.886,20.981,13.991,6.976,0.039,1.706,0.318,0.000,1.663,1.506,21.908,0.021,0.928,116.57500,81.7
2015-06-25,165.049,-24.992,0.000,67.531,2.341,1.176,0.146,2.661,14.041,22.093,21.111,16.063,7.472,0.037,2.685,0.772,0.000,1.701,1.412,21.838,0.025,0.884,116.55000,83.1
2015-06-26,152.109,-27.965,0.000,61.248,4.358,1.210,0.322,2.040,12.668,21.825,20.497,13.757,7.528,0.046,1.592,0.828,0.000,1.990,1.444,21.341,0.018,1.051,116.79583,83.3
2015-06-27,143.062,-24.604,0.004,55.463,2.316,0.725,0.120,2.011,11.989,21.321,19.489,12.402,6.860,0.062,0.587,0.017,0.000,1.906,1.436,21.424,0.010,1.032,115.67500,85.1
2015-06-28,130.087,-24.072,0.008,46.403,3.705,0.710,0.076,1.488,11.052,21.593,19.533,12.557,5.224,0.041,0.680,0.000,0.000,1.627,1.143,21.657,0.009,0.574,116.63750,84.7
2015-06-29,156.165,-25.309,0.001,61.838,1.288,0.965,0.226,1.677,12.023,21.621,22.492,15.372,6.555,0.044,2.467,0.543,0.000,1.627,1.467,21.994,0.025,0.933,116.52500,84.9
2015-06-30,157.501,-25.808,0.000,62.819,3.151,1.100,0.333,2.362,13.549,21.907,21.529,15.225,6.241,0.058,1.190,0.755,0.000,1.533,1.547,21.943,0.016,0.855,116.65000,85.2
2015-07-01,152.366,-24.113,0.000,59.699,3.425,0.638,0.076,1.650,11.916,21.639,19.998,12.476,6.151,0.055,2.596,0.526,0.001,1.559,1.429,21.938,0.028,0.843,116.06250,86.3
2015-07-02,168.250,-23.966,0.001,67.274,5.705,0.634,0.189,2.774,12.454,21.582,19.741,13.366,7.601,0.056,3.042,0.880,0.002,1.901,1.796,21.654,0.030,1.032,116.15833,84.5
2015-07-03,170.777,-26.360,0.000,65.967,3.894,1.046,0.266,1.937,12.981,21.602,21.513,15.388,8.812,0.052,3.058,0.306,0.001,1.910,1.655,21.598,0.028,1.045,116.10417,83.2
2015-07-04,149.137,-27.338,0.001,56.522,0.205,0.708,0.181,2.010,13.101,21.596,19.828,12.840,7.181,0.042,1.645,0.328,0.000,1.822,1.769,22.217,0.018,0.905,116.58750,82.5
2015-07-05,134.998,-27.738,0.001,57.923,2.146,0.628,0.133,2.019,9.921,20.931,18.410,13.025,5.216,0.038,1.967,0.000,0.000,1.436,1.272,21.130,0.018,0.566,116.35833,83
2015-07-06,147.114,-24.298,0.001,58.606,4.064,0.645,0.183,1.960,11.195,21.269,19.657,13.013,5.829,0.038,2.414,0.000,0.000,1.565,1.414,21.707,0.022,0.879,116.65000,82.2
2015-07-07,153.291,-20.437,0.002,59.033,0.199,1.443,0.205,2.117,11.424,21.377,21.696,13.235,6.635,0.053,2.686,0.861,0.001,1.620,1.509,22.242,0.028,0.886,116.77083,81.5
2015-07-08,146.100,-26.623,0.000,56.299,1.095,1.362,0.189,1.555,11.305,21.842,20.905,14.614,6.377,0.038,1.718,0.921,0.000,1.700,1.481,22.610,0.019,0.870,117.30833,82.6
2015-07-09,164.234,-27.585,0.000,66.442,5.491,0.744,0.259,2.722,11.606,21.944,23.318,15.191,8.072,0.034,2.250,1.360,0.000,1.928,1.463,22.078,0.024,0.855,116.26667,84.2
2015-07-10,153.443,-25.797,0.000,63.126,0.772,0.966,0.115,1.942,12.572,21.843,20.392,13.378,7.961,0.047,2.080,0.746,0.000,1.833,1.545,21.779,0.022,0.949,116.38750,85.4
2015-07-11,161.833,-21.543,0.000,64.565,2.222,0.708,0.182,2.211,15.464,22.069,20.301,13.760,7.289,0.051,2.559,0.001,0.000,1.604,1.557,22.098,0.021,0.936,116.25833,85.5
2015-07-12,133.432,-14.008,0.003,43.455,0.723,0.636,0.000,1.721,13.022,21.594,19.818,12.872,5.968,0.042,0.847,0.000,0.000,1.685,1.232,21.899,0.010,0.465,117.60000,82
2015-07-13,150.479,-24.494,0.000,60.051,0.579,0.866,0.271,1.883,11.831,22.270,21.829,14.328,6.604,0.042,1.556,0.809,0.000,1.539,1.394,22.190,0.017,0.891,117.94583,83.6
2015-07-14,165.326,-17.452,0.000,62.444,4.894,0.727,0.137,2.440,12.796,21.883,20.660,13.477,8.519,0.049,1.776,0.386,0.003,2.066,1.459,22.887,0.022,1.090,116.65000,85
2015-07-15,161.838,-18.754,0.003,63.790,5.196,0.850,0.312,2.176,13.089,21.966,20.752,14.098,7.872,0.053,2.487,0.385,0.002,1.847,1.483,21.676,0.026,0.869,116.69167,84.3
2015-07-16,166.927,-10.792,0.000,62.305,0.737,1.160,0.289,3.060,12.486,21.925,22.625,16.050,6.363,0.101,2.719,0.117,0.000,1.557,1.498,21.615,0.022,0.940,116.51667,81.7
2015-07-17,166.218,-9.717,0.000,59.595,3.059,0.940,0.185,2.372,12.707,22.476,22.606,14.482,7.731,0.083,1.631,0.043,0.001,1.793,1.609,22.599,0.017,0.869,117.33750,81.8
2015-07-18,145.187,-9.619,0.001,46.661,2.226,0.797,0.078,1.606,10.127,21.873,20.632,13.661,7.791,0.046,0.000,0.000,0.000,1.893,1.477,21.643,0.006,0.834,117.15000,82.8
2015-07-19,129.456,-26.339,0.008,49.166,2.085,0.859,0.158,1.899,11.686,21.663,19.826,13.541,5.085,0.037,1.119,0.000,0.000,1.468,1.319,21.639,0.012,0.518,117.14583,83.9
2015-07-20,168.259,-23.812,0.015,59.799,2.862,1.151,0.361,2.656,13.878,22.398,26.822,18.003,8.275,0.049,1.999,0.714,0.005,1.984,1.486,22.124,0.025,0.917,116.55000,84.1
2015-07-21,163.497,-21.995,0.002,61.074,1.493,0.611,0.239,2.013,14.503,21.908,23.585,14.932,6.658,0.043,1.895,0.015,0.000,1.481,1.518,22.253,0.017,0.825,116.74583,84.6
2015-07-22,158.766,-26.513,0.002,60.835,2.952,0.725,0.154,1.733,13.758,22.041,20.511,14.941,6.679,0.033,1.003,0.369,0.000,1.567,1.501,22.553,0.018,0.884,116.51250,85.6
2015-07-23,181.311,-20.147,0.009,69.355,2.422,1.138,0.261,3.222,15.943,22.665,23.691,16.134,6.432,0.042,2.902,0.297,0.006,1.494,1.476,22.634,0.034,0.871,117.17500,85.3
2015-07-24,170.904,-5.520,0.000,53.787,2.423,0.816,0.200,1.803,16.493,22.492,22.285,15.017,7.164,0.057,0.853,0.000,0.003,1.780,1.425,23.076,0.011,0.834,118.28333,82.3
2015-07-25,159.785,-8.020,0.000,52.177,2.884,0.804,0.109,1.650,15.038,21.897,21.657,13.359,6.663,0.046,2.037,0.005,0.001,1.654,1.604,21.714,0.018,0.844,117.03333,81
2015-07-26,132.601,-16.390,0.005,43.780,2.765,0.680,0.069,1.987,15.081,21.504,19.282,12.336,5.106,0.039,0.584,0.000,0.000,1.659,1.074,21.868,0.010,0.511,117.01250,82.3
2015-07-27,167.373,-7.681,0.000,61.617,2.852,0.986,0.303,2.876,15.393,21.893,22.940,14.273,7.171,0.071,2.658,0.062,0.001,1.858,1.534,21.998,0.023,0.961,117.10833,80.9
2015-07-28,149.077,-19.516,0.002,54.469,3.137,1.311,0.247,2.384,16.013,21.982,20.403,13.387,7.528,0.052,0.520,0.746,0.000,1.783,1.505,22.004,0.011,0.852,117.39583,83.4
2015-07-29,175.141,-11.811,0.001,66.099,3.127,0.641,0.168,2.507,16.182,22.011,21.326,13.935,9.363,0.055,2.772,0.885,0.002,2.264,1.707,21.865,0.024,0.809,117.18333,83.2
2015-07-30,169.881,-20.595,0.001,66.457,3.371,0.885,0.299,2.428,16.022,22.353,23.888,14.745,7.347,0.052,2.683,0.019,0.001,1.814,1.721,21.812,0.024,0.919,117.28750,82.2
2015-07-31,159.577,-15.312,0.000,58.287,1.619,0.942,0.350,2.031,15.780,21.661,21.774,13.530,6.684,0.062,2.391,0.101,0.001,1.652,1.576,21.851,0.023,0.878,116.81250,82
2015-08-01,158.675,-11.272,0.000,54.855,3.250,0.701,0.200,2.020,15.633,21.945,22.112,12.870,5.443,0.047,1.368,0.089,0.001,1.661,1.449,22.261,0.016,0.830,117.45000,83
2015-08-02,125.477,-12.613,0.000,38.100,3.364,0.724,0.039,1.762,15.574,21.506,19.924,12.149,4.342,0.037,0.000,0.000,0.000,1.802,1.039,21.655,0.005,0.517,116.92917,81.8
2015-08-03,133.283,-12.194,0.000,40.987,2.315,0.620,0.041,1.860,15.874,21.948,19.491,12.310,6.677,0.037,0.000,0.000,0.000,2.312,1.432,22.365,0.005,0.847,117.86667,82.1
2015-08-04,150.292,-26.043,0.000,62.038,2.754,0.918,0.413,2.013,15.857,21.680,22.241,13.702,7.063,0.058,1.977,0.687,0.000,1.642,1.624,22.216,0.022,0.766,116.81250,84.5
2015-08-05,151.627,-26.592,0.000,65.534,0.949,0.979,0.347,2.582,15.825,21.816,21.219,13.788,7.886,0.044,2.067,0.045,0.000,2.050,1.520,21.932,0.022,0.907,116.89583,84.7
2015-08-06,159.579,-25.512,0.002,72.166,0.797,0.729,0.311,2.691,16.143,21.677,20.126,14.135,7.315,0.047,3.820,0.912,0.000,2.029,1.516,21.754,0.029,0.692,116.83333,84.6
2015-08-07,155.214,-22.605,0.001,63.924,2.671,0.940,0.110,2.340,16.489,22.377,20.781,14.944,7.017,0.037,0.001,0.876,0.000,1.830,1.439,22.167,0.011,0.876,117.47083,85.3
2015-08-08,137.886,-10.534,0.000,44.797,0.780,0.674,0.040,1.708,15.665,21.816,18.602,12.926,5.893,0.051,0.000,0.233,0.000,1.728,1.432,22.122,0.007,0.870,116.52083,83.3
2015-08-09,133.135,-25.442,0.004,51.536,3.144,0.722,0.138,2.001,15.439,21.648,19.005,12.335,4.695,0.040,1.290,0.468,0.000,1.618,1.146,21.510,0.013,0.472,116.14167,84.2
2015-08-10,166.291,-23.287,0.000,66.820,2.385,0.772,0.248,2.597,15.084,22.052,20.957,14.639,7.039,0.068,2.051,0.689,0.001,1.760,1.449,22.128,0.023,0.885,115.67917,84.3
2015-08-11,155.645,-22.559,0.000,60.265,2.163,0.946,0.183,1.932,15.462,21.766,19.847,13.607,6.815,0.074,1.510,0.450,0.000,1.689,1.467,21.554,0.018,0.867,115.55833,84.7
2015-08-12,161.348,-22.878,0.002,63.994,0.992,0.689,0.225,2.226,15.617,22.050,20.585,13.073,7.247,0.042,2.061,0.866,0.000,1.820,1.403,21.676,0.021,0.892,116.48750,85.5
2015-08-13,172.777,-21.797,0.007,68.170,5.184,0.780,0.337,2.698,16.201,22.134,22.118,13.306,6.578,0.050,2.789,0.442,0.007,1.598,1.444,21.950,0.034,0.980,116.59167,83.9
2015-08-14,158.673,-21.554,0.000,62.008,2.682,1.022,0.197,1.917,15.562,21.928,20.114,13.083,7.119,0.040,1.959,0.473,0.001,1.744,1.537,21.730,0.021,0.936,117.22083,81.2
2015-08-15,142.621,-23.769,0.002,49.563,2.041,0.639,0.000,1.831,16.235,21.896,19.309,12.348,8.023,0.039,0.724,0.000,0.000,2.010,1.679,21.996,0.007,0.982,117.49167,81.4
2015-08-16,125.986,-26.416,0.011,43.989,0.532,0.668,0.154,1.941,15.157,21.472,20.107,12.059,5.590,0.034,0.000,0.000,0.000,1.775,1.180,21.637,0.005,0.663,116.72917,81.4
2015-08-17,153.971,-25.147,0.000,60.731,1.009,0.763,0.298,2.191,15.279,21.847,20.248,14.557,6.165,0.036,1.275,0.381,0.000,1.635,1.429,22.317,0.018,0.863,117.07083,83
2015-08-18,153.289,-25.513,0.000,60.716,3.184,0.769,0.299,2.120,15.890,22.022,18.897,13.566,6.488,0.034,1.279,0.019,0.000,1.651,1.613,22.174,0.015,0.866,117.29583,83.9
2015-08-19,173.091,-15.226,0.000,65.093,3.634,0.738,0.348,2.426,15.788,22.169,20.461,15.239,6.059,0.040,2.102,0.354,0.007,1.555,1.503,22.657,0.024,0.962,117.65000,84
2015-08-20,161.222,-24.949,0.000,66.967,2.927,0.624,0.193,2.325,16.395,21.794,21.626,14.009,5.661,0.042,2.547,0.468,0.000,1.591,1.401,22.127,0.024,0.839,116.87083,84.5
2015-08-21,160.220,-25.353,0.000,67.281,0.219,1.024,0.221,2.062,15.419,21.626,20.044,13.148,7.712,0.049,1.510,0.427,0.000,1.980,1.320,21.985,0.016,0.855,116.40000,86.2
2015-08-22,155.644,-23.255,0.000,60.327,3.651,0.566,0.143,1.798,15.430,21.231,20.252,12.939,6.707,0.051,0.256,0.000,0.000,1.785,1.509,21.452,0.007,0.981,115.49583,85.9
2015-08-23,113.214,-25.015,0.008,36.571,0.169,0.563,0.000,1.379,12.884,21.185,19.298,12.471,1.107,0.029,0.000,0.000,0.000,0.916,0.000,22.014,0.002,0.000,117.14583,86.4
2015-08-24,159.348,-23.058,0.001,62.534,0.427,0.782,0.372,2.384,13.969,21.678,21.165,15.740,6.664,0.047,1.436,0.778,0.000,1.568,1.492,22.565,0.020,0.792,116.74167,85.9
2015-08-25,161.062,-23.413,0.000,65.278,2.360,0.851,0.225,2.368,16.531,21.803,20.920,12.752,6.701,0.056,1.555,0.853,0.000,1.707,1.478,22.299,0.018,0.853,116.93750,86.5
2015-08-26,155.402,-23.027,0.000,60.884,2.484,0.607,0.156,1.775,16.491,21.897,19.486,12.923,5.597,0.045,1.887,0.563,0.000,1.633,1.441,22.560,0.019,0.841,117.32500,84.8
2015-08-27,158.934,-10.364,0.000,57.571,1.008,0.705,0.354,2.124,15.386,21.635,20.814,12.887,6.592,0.077,2.239,0.722,0.002,1.682,1.459,21.744,0.020,0.858,117.09167,80.5
2015-08-28,161.474,-10.281,0.000,55.493,0.700,0.875,0.329,2.092,16.656,22.302,21.931,13.775,6.575,0.054,1.550,0.754,0.003,1.741,1.605,22.255,0.019,0.990,118.49167,80.4
2015-08-29,151.817,-13.186,0.001,48.334,2.877,0.961,0.153,1.540,16.714,22.105,22.114,13.129,6.616,0.050,0.000,0.484,0.000,1.946,1.575,22.463,0.007,0.986,118.16250,79.8
2015-08-30,132.559,-16.955,0.000,39.766,1.835,0.594,0.117,1.381,14.870,21.152,24.660,13.874,4.280,0.045,0.732,0.000,0.000,1.879,0.000,22.199,0.002,0.000,117.71250,80.7
2015-08-31,156.762,-19.637,0.001,64.178,1.125,0.690,0.297,1.958,15.003,21.835,21.030,14.072,6.349,0.073,2.507,0.653,0.000,1.715,1.423,22.332,0.025,0.723,117.25833,81.4
2015-09-01,154.564,-18.211,0.000,58.447,1.558,0.646,0.149,1.689,14.850,21.845,21.149,13.714,7.830,0.071,1.145,0.392,0.000,1.985,1.519,22.049,0.015,0.951,117.53333,82.3
2015-09-02,155.903,-23.665,0.000,61.028,4.323,0.705,0.422,1.996,15.284,21.832,20.382,13.399,5.465,0.047,2.034,0.618,0.001,1.534,1.378,22.161,0.022,0.801,117.25833,84.2
2015-09-03,158.475,-22.674,0.000,64.021,2.450,0.678,0.215,2.290,14.610,21.683,20.784,12.971,6.137,0.049,2.598,0.356,0.000,1.702,1.354,21.944,0.025,0.848,116.63333,84.9
2015-09-04,148.278,-22.178,0.003,56.241,1.072,0.640,0.030,1.891,15.596,21.718,18.985,13.078,7.279,0.052,0.000,0.370,0.000,1.940,1.524,21.674,0.009,0.971,116.44583,85.3
2015-09-05,148.780,-22.248,0.006,55.517,2.875,0.654,0.080,1.663,15.563,21.656,18.943,13.068,7.448,0.050,0.002,0.441,0.006,1.918,1.443,22.217,0.011,0.940,116.60417,83
2015-09-06,139.566,-19.769,0.001,46.479,3.071,0.585,0.071,1.757,15.773,21.720,19.043,12.184,5.789,0.037,0.935,0.000,0.000,1.926,1.443,22.291,0.011,0.484,117.13333,80.5
2015-09-07,145.518,-6.516,0.000,44.267,0.369,0.659,0.075,1.656,15.414,22.125,20.663,13.298,7.178,0.044,0.983,0.552,0.000,2.182,1.483,22.493,0.014,0.811,118.24167,78.3
2015-09-08,137.515,-19.275,0.007,48.565,1.451,0.606,0.004,1.414,15.600,21.736,18.870,12.035,5.728,0.059,0.001,0.001,0.001,1.630,1.484,22.199,0.007,0.883,117.44583,82.2
2015-09-09,137.487,-22.070,0.000,50.598,0.449,0.663,0.000,1.466,14.625,21.508,18.429,11.608,6.115,0.050,0.001,0.000,0.000,1.752,1.333,21.719,0.006,0.851,116.50417,84.2
2015-09-10,158.672,-19.108,0.000,65.665,1.709,0.759,0.363,2.717,13.239,21.677,18.732,11.413,5.988,0.060,1.231,0.851,0.000,1.665,1.487,21.470,0.015,0.957,116.87083,84.3
2015-09-11,159.884,-22.755,0.000,67.537,1.829,0.670,0.149,1.829,15.735,21.172,19.404,12.123,6.333,0.073,1.713,1.144,0.000,1.681,1.441,20.984,0.017,0.845,116.58750,84.9
2015-09-12,148.944,-10.901,0.008,47.665,1.844,0.701,0.003,1.611,16.239,21.529,18.593,12.503,6.524,0.060,0.004,0.001,0.001,2.068,1.563,21.393,0.010,0.830,117.53333,82.3
2015-09-13,121.350,-17.304,0.007,34.181,1.964,0.731,0.092,1.582,15.405,21.244,20.242,12.908,3.975,0.055,0.000,0.000,0.000,1.733,0.000,22.053,0.002,0.000,117.75417,80.6
2015-09-14,147.262,-20.620,0.002,56.189,3.943,0.740,0.258,1.922,15.591,21.562,19.126,13.463,6.262,0.051,1.997,0.347,0.000,1.625,1.531,21.694,0.020,0.887,117.42917,81.2
2015-09-15,144.147,-16.460,0.000,53.688,1.354,0.684,0.243,1.731,15.262,21.619,19.558,12.586,6.107,0.067,1.709,0.306,0.000,1.719,1.527,21.729,0.018,0.872,117.52500,80.5
2015-09-16,156.401,-7.384,0.000,51.571,2.276,0.810,0.256,1.679,15.643,21.789,20.912,12.483,6.066,0.097,1.726,0.245,0.004,1.648,1.514,22.583,0.019,0.896,117.80833,79.2
2015-09-17,162.646,-8.734,0.000,59.124,2.869,0.905,0.417,2.316,16.801,21.925,20.766,13.014,7.828,0.105,2.486,0.346,0.001,2.020,1.468,22.014,0.022,0.934,118.54167,76.7
2015-09-18,144.890,-22.300,0.000,52.284,1.034,0.655,0.210,1.560,15.925,20.365,19.205,13.243,6.358,0.069,1.231,0.317,0.000,1.697,1.494,21.801,0.015,0.902,117.33333,79.5
2015-09-19,154.104,-21.987,0.000,58.918,1.121,0.661,0.206,1.768,15.386,22.831,20.593,12.912,6.791,0.054,3.106,0.000,0.000,1.837,1.497,21.789,0.025,0.949,117.34167,81.6
2015-09-20,128.526,-21.773,0.003,45.776,0.800,0.646,0.187,2.105,14.900,21.990,19.252,12.341,4.343,0.048,1.444,0.000,0.000,1.535,0.000,21.379,0.002,0.000,116.97917,83.1
2015-09-21,154.931,-21.723,0.000,61.970,2.706,0.739,0.268,1.804,15.729,22.854,19.671,14.995,6.119,0.072,1.556,0.699,0.001,1.653,1.543,22.086,0.018,0.684,117.17083,83.7
2015-09-22,155.537,-20.534,0.000,60.582,1.676,0.912,0.262,1.678,15.511,22.891,19.457,13.502,5.515,0.056,2.673,1.218,0.001,1.590,1.376,22.135,0.026,0.671,117.25417,82.4
2015-09-23,159.996,-20.352,0.000,61.495,3.083,1.052,0.399,1.966,15.187,22.904,21.876,13.626,5.437,0.069,2.203,1.356,0.002,1.564,1.362,22.278,0.023,0.679,117.17917,81.5
2015-09-24,158.932,-21.533,0.000,63.248,3.566,0.659,0.333,2.487,15.204,22.857,19.105,13.502,6.268,0.087,2.803,0.488,0.001,1.674,1.582,22.073,0.025,0.882,117.20000,80.8
2015-09-25,153.612,-21.654,0.001,59.607,1.682,0.733,0.262,1.627,16.065,22.850,18.771,13.446,5.914,0.064,1.356,0.533,0.001,1.611,1.552,21.577,0.017,0.880,116.97500,81.5
2015-09-26,149.108,-14.628,0.000,50.617,1.006,0.584,0.135,1.748,15.651,22.583,18.597,13.755,7.187,0.061,0.495,0.498,0.000,1.933,1.660,21.417,0.011,0.708,117.07500,80.9
2015-09-27,133.178,-7.487,0.000,37.221,1.561,0.647,0.080,1.604,16.385,22.209,19.239,13.521,5.204,0.070,0.000,0.000,0.000,1.791,0.000,21.831,0.003,0.273,117.69167,80.1
2015-09-28,157.850,-5.259,0.000,55.134,2.736,0.611,0.342,1.504,15.005,23.077,19.267,13.507,6.439,0.086,2.036,0.708,0.002,1.742,1.508,21.934,0.020,0.886,118.33750,78.9
2015-09-29,166.605,-19.649,0.000,63.602,4.289,0.725,0.333,2.439,15.557,22.914,19.699,13.530,6.885,0.077,1.671,0.320,0.002,1.805,1.745,21.957,0.019,0.890,117.31250,81.5
2015-09-30,158.938,-19.613,0.000,59.148,1.132,0.629,0.265,1.915,15.098,22.772,19.947,13.901,5.662,0.063,1.113,0.464,0.001,1.654,1.436,21.904,0.014,0.850,117.05000,83.9
2015-10-01,166.923,-17.048,0.000,67.552,0.753,0.772,0.555,2.224,15.073,22.873,20.000,14.002,6.937,0.097,2.408,0.376,0.001,1.820,1.514,21.462,0.025,0.897,116.94167,83.3
2015-10-02,160.454,-18.794,0.000,62.854,0.527,0.719,0.441,2.288,15.847,22.715,19.326,14.381,6.810,0.085,2.347,0.534,0.001,1.825,1.422,21.556,0.022,0.802,117.05000,81.5
2015-10-03,136.521,-17.828,0.003,39.832,1.476,0.757,0.000,1.592,15.790,22.994,19.079,13.350,7.075,0.058,0.000,0.416,0.000,2.003,1.732,22.434,0.011,0.806,117.47500,78.3
2015-10-04,135.740,-17.313,0.006,43.618,1.896,0.965,0.186,1.945,14.742,22.721,20.285,12.956,7.836,0.069,0.999,0.321,0.000,2.313,1.191,22.468,0.011,0.603,118.04583,76.4
2015-10-05,150.623,-19.157,0.000,54.116,6.331,0.634,0.434,2.122,16.160,23.141,20.002,14.920,6.134,0.084,2.345,0.579,0.001,1.682,1.487,22.432,0.022,0.949,118.12917,76.2
2015-10-06,138.232,-20.706,0.000,43.491,1.249,0.636,0.280,1.946,15.823,23.261,21.360,14.330,6.094,0.074,0.001,0.648,0.000,1.644,1.571,22.238,0.007,1.025,118.11250,76.9
2015-10-07,158.556,-20.030,0.000,57.853,1.877,0.702,0.308,2.382,15.978,23.154,19.725,14.200,6.727,0.085,2.810,0.643,0.002,1.822,1.554,22.524,0.028,0.791,117.57500,78.7
2015-10-08,148.269,-18.514,0.000,49.867,0.990,0.908,0.129,1.648,15.743,23.255,20.320,13.919,7.374,0.060,0.321,0.308,0.000,1.996,1.482,22.415,0.011,0.870,117.60417,79.2
2015-10-09,154.713,-19.088,0.000,55.698,2.081,0.639,0.296,1.942,15.664,22.848,19.362,13.053,7.118,0.070,1.691,0.552,0.000,1.872,1.629,21.735,0.019,0.841,116.88750,79.6
2015-10-10,155.536,-16.219,0.000,53.641,0.494,0.605,0.274,1.801,15.518,22.936,20.212,14.298,7.014,0.058,0.702,0.326,0.001,1.957,1.712,21.841,0.016,0.885,117.03333,80.6
2015-10-11,143.927,-17.612,0.000,50.841,1.436,0.918,0.256,2.148,15.016,22.742,20.763,13.396,6.368,0.087,2.377,0.326,0.001,1.841,1.306,21.828,0.020,0.661,117.73750,79.4
2015-10-12,146.741,-18.184,0.000,54.581,2.811,0.959,0.418,1.659,15.210,22.885,18.997,13.623,6.629,0.077,2.459,0.344,0.001,1.813,1.505,21.743,0.022,0.864,117.73750,77.8
2015-10-13,153.349,-15.833,0.000,53.374,4.658,0.627,0.367,2.076,15.263,22.942,19.878,13.016,7.038,0.101,1.480,0.396,0.000,1.810,1.595,21.763,0.019,1.217,117.83333,80.1
2015-10-14,146.420,-19.066,0.000,47.376,1.356,0.760,0.270,1.711,14.983,22.993,20.320,15.347,5.530,0.076,0.938,0.593,0.000,1.650,1.476,22.522,0.015,1.168,117.51667,78.2
2015-10-15,155.203,-20.176,0.000,53.483,1.357,0.937,0.307,2.344,15.706,23.371,19.438,12.925,6.732,0.082,2.805,0.403,0.002,1.807,1.515,22.283,0.026,0.925,117.57917,79.8
2015-10-16,163.067,-15.099,0.000,53.659,2.898,0.816,0.350,1.939,15.575,22.854,20.789,14.584,7.777,0.093,2.366,0.787,0.003,2.100,1.635,21.711,0.024,1.015,117.55833,77.6
2015-10-17,165.423,-19.969,0.000,51.049,2.598,0.832,0.443,2.014,16.136,23.382,21.613,14.197,7.725,0.078,1.537,0.469,0.003,2.040,1.935,22.203,0.021,1.104,117.86250,77.8
2015-10-18,128.307,-14.947,0.000,36.310,0.154,0.740,0.118,1.689,14.611,23.123,20.604,13.104,5.101,0.073,1.017,0.000,0.000,1.448,1.257,22.363,0.011,0.601,118.25833,76.1
2015-10-19,141.205,-19.302,0.000,40.453,3.209,0.584,0.239,4.199,13.824,23.401,21.712,13.933,6.131,0.085,0.826,0.572,0.000,1.550,1.505,22.584,0.013,0.947,118.44583,73.8
2015-10-20,141.071,-16.409,0.000,44.799,0.162,0.623,0.328,1.746,14.122,23.280,20.084,14.596,5.795,0.074,1.682,0.612,0.000,1.522,1.547,22.486,0.022,0.832,118.25000,75.5
2015-10-21,147.759,-15.526,0.000,48.235,0.719,0.764,0.304,2.097,14.899,23.380,21.219,14.365,6.253,0.075,1.273,0.843,0.000,1.710,1.539,22.214,0.017,0.922,118.41250,76.4
2015-10-22,147.281,-17.537,0.000,50.886,2.528,0.571,0.261,2.577,14.896,23.203,21.243,13.001,5.524,0.093,2.212,0.639,0.001,1.630,1.475,22.302,0.023,0.871,117.87917,78
2015-10-23,159.460,-17.996,0.000,58.047,1.181,0.660,0.329,2.238,15.685,22.981,19.998,14.303,8.507,0.090,2.536,0.702,0.001,2.105,1.631,21.661,0.024,1.039,117.52500,77.8
2015-10-24,150.102,-17.263,0.000,46.397,2.468,0.938,0.376,1.730,16.383,22.875,21.593,13.474,7.442,0.087,0.520,0.685,0.001,1.965,1.629,21.703,0.013,0.969,117.76250,78.2
2015-10-25,140.837,-16.134,0.000,47.554,0.901,0.581,0.167,2.006,16.396,22.561,20.873,12.560,4.587,0.080,1.443,0.678,0.000,1.622,1.168,21.257,0.015,1.851,117.69583,78.9
2015-10-26,150.704,-13.230,0.000,43.628,3.146,0.622,0.267,1.559,16.139,22.998,20.972,15.033,6.346,0.083,0.360,0.632,0.001,1.770,1.528,21.875,0.012,1.918,118.29583,78.3
2015-10-27,152.945,-4.564,0.000,44.526,3.573,0.811,0.312,1.585,15.438,23.067,20.202,13.150,6.303,0.089,1.559,0.646,0.002,1.690,1.565,21.793,0.016,0.953,117.81250,75
2015-10-28,167.745,-13.172,0.000,61.167,2.370,0.601,0.345,2.230,15.110,22.911,20.797,15.638,6.280,0.116,2.602,0.724,0.002,1.729,1.585,22.017,0.025,0.902,117.65417,77.7
2015-10-29,159.007,-14.027,0.000,53.124,2.665,0.746,0.280,2.310,16.054,23.419,21.089,13.723,6.084,0.078,2.008,0.801,0.001,1.714,1.541,22.177,0.020,0.893,118.01667,77.3
2015-10-30,160.027,-11.169,0.000,44.821,4.627,0.717,0.201,1.850,15.375,23.330,21.424,14.418,6.829,0.075,0.001,0.000,0.002,1.656,1.698,22.815,0.007,1.088,118.30417,75.8
2015-10-31,154.347,-16.584,0.000,51.657,2.056,0.830,0.497,1.916,15.285,23.234,20.783,13.603,6.067,0.066,1.698,0.623,0.001,1.752,1.526,22.138,0.020,0.868,118.00000,76.8
2015-11-01,138.603,-17.346,0.000,45.984,0.740,0.682,0.039,1.917,16.269,23.813,21.202,13.829,3.885,0.060,0.000,0.413,0.000,1.607,0.885,22.901,0.007,0.515,117.47500,79.1
2015-11-02,162.269,-15.985,0.000,63.304,3.394,0.682,0.355,1.937,16.023,23.296,22.581,14.593,5.951,0.098,1.477,0.574,0.000,1.718,1.511,22.216,0.021,0.763,117.65417,79.5
2015-11-03,154.264,-16.947,0.000,55.968,1.061,0.752,0.191,2.115,15.126,23.097,20.396,14.193,6.221,0.067,1.723,0.233,0.000,1.806,1.493,22.305,0.021,0.807,117.81250,80.1
2015-11-04,161.432,-15.434,0.000,58.619,2.383,0.744,0.356,2.020,15.539,23.071,20.201,14.485,6.785,0.080,1.260,0.589,0.001,1.821,1.467,22.101,0.017,0.831,117.67917,80.7
2015-11-05,165.202,-14.303,0.000,62.263,1.952,0.633,0.385,2.088,15.235,22.831,21.322,13.254,6.449,0.093,2.539,0.545,0.004,1.698,1.360,21.924,0.025,0.804,117.35000,81.7
2015-11-06,162.322,-15.899,0.000,59.669,0.587,0.924,0.159,1.662,15.863,23.122,20.487,13.962,7.629,0.081,1.993,0.801,0.001,2.100,1.562,22.002,0.021,0.900,117.52500,80.4
2015-11-07,159.662,-15.936,0.000,58.925,0.915,0.945,0.272,1.781,14.777,22.814,21.384,13.284,7.701,0.073,1.452,0.511,0.001,1.910,1.695,21.738,0.019,0.859,117.25417,79.3
2015-11-08,135.410,-13.765,0.000,43.284,1.267,0.600,0.161,1.654,15.578,22.669,19.857,13.081,6.149,0.087,0.000,0.320,0.000,1.808,1.230,21.936,0.009,0.464,117.75000,78.7
2015-11-09,153.895,-12.164,0.000,49.468,3.528,0.607,0.231,1.621,13.872,23.030,22.084,12.952,6.480,0.086,0.870,0.000,0.002,1.891,1.548,22.096,0.011,0.891,117.63750,78.1
2015-11-10,152.890,-13.597,0.000,49.932,1.824,0.836,0.327,1.712,14.677,23.030,22.673,15.126,6.178,0.093,1.245,0.317,0.002,1.739,1.431,22.297,0.020,0.870,117.91667,77.7
2015-11-11,147.302,-14.338,0.000,47.144,1.912,0.569,0.196,1.823,14.750,23.098,21.201,13.054,5.820,0.084,1.695,0.275,0.001,1.624,1.478,22.425,0.021,0.906,118.07500,75.3
2015-11-12,160.205,-13.645,0.000,56.571,3.622,0.663,0.281,2.297,15.004,23.076,21.474,13.992,6.098,0.099,2.637,0.369,0.004,1.688,1.492,22.561,0.027,0.940,118.10833,78.3
2015-11-13,170.116,-15.215,0.000,55.763,2.148,0.702,0.157,2.150,15.383,23.291,21.958,14.986,7.473,0.103,2.330,0.419,0.008,1.783,1.812,22.121,0.044,1.280,117.60000,77.8
2015-11-14,145.464,-12.104,0.000,37.493,2.522,0.713,0.159,1.531,15.792,23.272,21.887,15.390,6.908,0.061,0.896,0.439,0.001,1.894,1.651,22.313,0.060,0.919,118.64583,72
2015-11-15,140.860,-7.990,0.000,40.503,0.126,0.838,0.275,1.642,15.213,22.859,22.052,13.888,5.586,0.073,2.767,0.075,0.000,1.776,1.326,22.044,0.042,0.556,118.58333,72.5
2015-11-16,153.111,-14.674,0.000,45.050,7.255,0.658,0.308,1.654,13.853,23.215,23.451,14.635,5.835,0.065,0.780,0.582,0.001,1.594,1.488,22.210,0.049,0.902,118.56667,75.8
2015-11-17,158.097,-12.413,0.000,50.210,6.326,0.759,0.357,1.983,15.370,23.134,21.625,14.425,6.035,0.078,1.728,0.662,0.002,1.539,1.466,22.289,0.054,0.886,118.11667,77.4
2015-11-18,165.384,-15.198,0.000,58.172,2.514,0.593,0.117,4.311,15.091,23.003,24.616,13.419,6.142,0.064,2.238,0.610,0.002,1.607,1.485,21.846,0.023,0.882,117.85833,78.5
2015-11-19,163.052,-5.695,0.000,52.188,4.645,0.550,0.198,1.991,13.626,22.933,22.841,12.947,6.248,0.081,2.384,0.620,0.006,1.630,1.670,21.890,0.053,0.915,118.15833,76.8
2015-11-20,161.793,-6.135,0.000,49.260,1.967,0.718,0.162,2.170,15.236,23.165,22.327,14.474,7.037,0.080,2.376,0.693,0.007,1.824,1.520,22.063,0.051,0.908,118.33750,75
2015-11-21,163.783,-4.254,0.002,49.259,2.428,0.829,0.349,2.125,16.186,22.623,24.292,15.278,6.590,0.062,2.136,0.637,0.006,1.803,1.515,22.022,0.058,0.896,117.92500,73.6
2015-11-22,142.848,-10.058,0.000,42.195,1.818,0.659,0.104,1.835,16.387,21.702,23.220,14.590,7.193,0.086,1.797,0.000,0.000,2.192,1.207,22.123,0.030,0.596,118.32083,72.1
2015-11-23,158.431,-16.883,0.000,45.515,6.943,1.030,0.570,2.913,16.758,22.370,23.917,15.649,9.590,0.113,3.371,0.378,0.003,2.234,1.876,22.399,0.064,1.009,118.69583,63.3
2015-11-24,153.986,-15.127,0.000,45.438,2.124,1.269,0.348,2.365,16.669,22.132,22.600,16.235,10.098,0.069,3.490,1.008,0.001,2.419,1.804,21.876,0.084,0.987,118.29583,64.4
2015-11-25,140.411,-14.070,0.000,39.957,2.793,0.704,0.250,2.073,16.582,22.343,21.636,13.832,5.372,0.076,2.156,0.236,0.001,1.670,1.500,22.883,0.052,0.775,118.30000,70.5
2015-11-26,109.649,-12.732,0.000,25.084,0.139,0.543,0.000,1.348,13.707,21.696,21.550,13.366,1.488,0.031,0.000,0.000,0.000,1.257,0.000,22.201,0.002,0.000,118.87917,72.1
2015-11-27,148.575,-14.936,0.000,43.563,2.684,0.652,0.191,1.787,15.087,22.483,21.123,14.256,8.257,0.057,1.502,0.250,0.001,2.121,1.501,22.605,0.018,0.997,118.31667,72.4
2015-11-28,153.003,-14.648,0.000,45.655,4.007,0.816,0.610,2.150,15.742,22.281,22.444,13.208,7.800,0.096,1.641,0.637,0.001,1.916,1.588,22.464,0.057,0.919,118.19583,71.5
2015-11-29,134.635,-14.927,0.000,36.820,1.575,0.744,0.192,1.940,15.803,22.118,21.603,12.953,6.117,0.059,0.988,0.026,0.000,1.774,1.208,22.328,0.029,0.695,119.04583,71.4
2015-11-30,157.426,-14.649,0.000,53.749,3.263,0.784,0.635,2.078,15.305,22.085,20.208,14.663,6.730,0.081,3.140,0.451,0.008,1.688,1.650,22.116,0.054,0.930,118.82500,72.2
2015-12-01,150.946,-12.366,0.000,47.597,1.329,0.687,0.161,2.065,14.747,22.481,21.262,14.051,7.331,0.061,1.136,0.660,0.001,1.883,1.581,22.591,0.064,0.937,119.50833,75
2015-12-02,157.436,-11.381,0.000,49.552,3.933,0.876,0.210,2.153,13.531,22.908,22.750,14.629,7.082,0.044,1.557,0.388,0.002,1.832,1.567,22.795,0.064,0.974,120.56667,75.5
2015-12-03,156.841,-6.274,0.000,46.619,1.501,0.851,0.306,2.361,14.648,22.723,22.767,16.378,6.893,0.087,2.537,0.278,0.003,1.941,1.528,23.114,0.052,0.999,120.87500,71
2015-12-04,142.932,-8.874,0.000,36.739,1.621,0.889,0.254,2.069,15.085,22.429,22.067,13.534,8.010,0.053,2.006,0.000,0.001,2.060,1.645,22.587,0.065,1.204,119.79583,67.9
2015-12-05,147.135,-13.493,0.000,45.809,2.142,0.923,0.274,2.411,14.420,22.120,20.681,13.837,6.914,0.056,1.561,0.264,0.002,1.783,1.645,22.104,0.056,1.051,118.71667,71.3
2015-12-06,129.656,-12.944,0.000,37.244,2.933,0.764,0.151,2.059,14.416,21.696,22.159,13.046,5.599,0.071,0.786,0.065,0.000,1.769,1.211,22.172,0.029,0.592,118.65000,71.4
2015-12-07,143.852,-13.334,0.000,39.901,3.294,0.723,0.348,2.040,14.269,22.390,23.511,14.804,6.026,0.062,1.431,0.476,0.001,1.672,1.558,22.594,0.052,0.947,119.30417,68
2015-12-08,125.286,-14.680,0.000,30.627,1.278,0.787,0.077,1.850,12.955,22.246,22.734,13.211,5.948,0.036,0.451,0.131,0.000,1.607,1.537,22.600,0.059,0.978,119.25417,67.5
2015-12-09,146.329,-12.687,0.000,48.060,1.924,0.684,0.341,2.334,14.567,21.054,22.527,14.377,6.109,0.064,2.083,0.262,0.001,1.639,1.576,21.784,0.049,0.949,119.03333,69.4
2015-12-10,154.579,-13.536,0.000,46.011,4.487,0.606,0.200,2.550,15.837,21.055,20.790,13.153,7.490,1.672,2.439,0.993,0.004,1.744,1.864,21.561,0.064,1.319,118.95417,69.8
2015-12-11,146.176,-13.859,0.000,38.816,4.314,0.687,0.194,1.441,14.953,23.408,21.847,12.545,7.703,0.069,0.000,0.000,0.001,1.830,1.922,22.200,0.065,1.371,118.75000,69.9
2015-12-12,139.825,-11.113,0.000,38.113,0.338,1.239,0.152,1.260,13.877,22.961,25.304,13.626,6.176,0.081,0.000,0.000,0.000,1.696,1.546,22.226,0.051,0.975,118.66250,72.8
2015-12-13,133.741,-11.550,0.000,39.778,0.150,0.721,0.111,2.155,14.825,22.943,21.233,13.657,5.975,0.075,1.289,0.000,0.000,2.001,1.560,22.426,0.052,0.730,118.68750,73.4
2015-12-14,151.452,-12.229,0.000,53.077,2.004,1.091,0.274,2.146,14.293,23.164,22.929,14.040,6.767,0.089,2.001,0.736,0.000,1.789,1.565,22.183,0.058,0.983,118.62500,73.7
2015-12-15,154.428,-8.829,0.000,48.305,0.397,0.852,0.285,1.520,14.017,23.270,23.720,14.513,5.950,0.083,2.309,0.397,0.001,1.734,1.538,22.146,0.052,0.904,118.90000,73.7
2015-12-16,143.869,-11.280,0.006,41.846,0.122,0.591,0.159,1.840,13.961,22.972,22.730,14.125,5.994,0.077,0.512,1.020,0.006,1.681,1.442,22.235,0.051,0.864,118.55417,74
2015-12-17,157.778,-11.352,0.000,54.696,1.584,0.745,0.307,1.960,14.826,23.248,21.016,13.201,7.412,0.096,2.472,0.820,0.004,1.830,1.534,22.360,0.050,0.986,118.47083,74.5
2015-12-18,144.625,-3.764,0.003,40.335,2.868,0.607,0.343,2.045,15.483,21.867,21.987,13.615,5.615,0.070,2.152,0.202,0.005,1.580,1.671,21.547,0.043,0.554,119.04545,69.8
2015-12-19,135.774,-15.325,0.000,30.157,3.734,0.952,0.280,2.171,15.041,23.195,23.142,15.580,7.115,0.065,1.241,0.718,0.000,1.898,1.676,22.074,0.062,0.931,118.99167,59.7
2015-12-20,127.874,-14.103,0.000,32.937,2.788,0.578,0.202,2.184,13.724,22.808,22.509,13.731,4.990,0.058,1.245,0.161,0.000,1.656,1.396,21.724,0.033,0.708,118.50000,63.8
2015-12-21,145.918,-12.269,0.000,41.231,2.710,0.622,0.263,2.185,12.636,23.003,22.526,14.826,6.733,0.055,0.462,0.231,0.001,1.753,1.729,22.141,0.056,0.940,118.38333,72.6
2015-12-22,176.433,-10.810,0.000,62.174,2.181,0.920,0.388,3.399,15.005,23.122,21.751,16.509,8.022,0.098,3.903,0.363,0.010,1.870,1.910,22.042,0.065,0.908,117.92083,73.9
2015-12-23,181.760,-6.176,0.005,64.308,3.100,0.723,0.413,2.944,14.254,22.195,24.211,17.544,9.131,0.081,3.103,0.811,0.008,2.108,1.652,21.999,0.061,0.965,117.87917,75
2015-12-24,149.074,-10.437,0.000,44.903,0.136,0.700,0.211,1.703,15.941,20.722,22.810,15.330,5.444,0.072,1.240,0.663,0.001,1.542,1.440,22.161,0.042,0.811,117.70417,76.6
2015-12-25,129.198,-13.160,0.000,35.491,0.295,0.544,0.148,1.505,13.130,22.411,22.495,14.417,2.915,0.036,0.952,0.094,0.000,1.307,0.000,22.003,0.003,0.000,117.97083,76.1
2015-12-26,150.428,-13.145,0.000,49.058,1.649,0.574,0.147,2.418,11.072,23.044,21.063,13.191,8.023,0.070,1.344,0.316,0.001,2.041,1.657,21.940,0.072,0.971,117.71250,76
2015-12-27,135.271,-10.897,0.000,40.443,1.871,0.556,0.077,2.164,11.684,22.642,21.302,13.196,5.797,0.068,1.032,0.309,0.000,1.899,1.198,21.867,0.032,0.587,117.79167,75.8
2015-12-28,172.698,-13.643,0.000,57.252,3.853,0.670,0.476,2.471,14.906,23.075,22.543,16.348,7.370,0.081,2.289,0.314,0.014,1.871,2.177,22.228,0.053,0.928,117.29583,75.9
2015-12-29,168.738,-13.447,0.000,61.564,2.943,0.921,0.228,3.418,15.248,23.026,23.136,14.385,8.138,0.088,2.237,1.152,0.001,1.958,1.708,21.986,0.052,0.904,117.45417,76.5
2015-12-30,179.821,-13.407,0.000,68.969,2.252,1.032,0.415,2.421,15.152,23.172,21.544,14.530,9.816,0.080,4.450,1.540,0.006,2.400,1.787,21.895,0.080,1.044,117.01667,75.2
